judul_film,tahun_rilis,sutradara
De Stem Des Bloed,1930,Ph Carli
Lari Ka Arab,1930,Wong Bersaudara
Ria Rago: Pahlawan Wanita dari Lembah Ndona,1930,Simon Buis
Boenga Roos Dari Tjikembang,1931,The Tang Chun
Indonesia Malaise,1931,Wong Bersaudara
Sam Pek Eng Tay,1931,The Tang Chun
Si Pitoeng,1931,Wong Bersaudara
Sinjo 'Tjo' Main Di Film,1931,M.H. Schilling
Njai Dasima,1932,Bachtiar Effendy
Raonah,1932,G. Krugers
Terpaksa Menika,1932,G. Krugers
Amorira,1932,Simon Buis
Delapan Djago Pedang,1933,The Tang Chun
Pat Bie To,1933,The Tang Chun
Ouw Peh Tjoa,1934,The Tang Chun
Ang Hai Djie,1935,NA
Pan Sie Tong,1935,The Tang Chun
Poei sie giok pa loei tay,1935,NA
Tie Pat Kai Kawin,1935,NA
Pareh,1936,Albert Balink
Anaknja Siloeman Oeler Poeti,1936,NA
Lima Siloeman Tikoes,1936,NA
Pembakaran Bio 'Hong Lian Sie',1936,NA
Terang boelan,1937,Albert Balink
Gadis jang Terdjoeal,1937,NA
Fatima,1938,Joshua Wong
Oh Iboe,1938,The Tang Chun
Tjiandjoer,1938,The Tang Chun
Alang-Alang,1939,The Tang Chun
Gagak Item,1939,Joshua Wong
Impian di Bali,1939,NA
Roesia si Pengkor,1939,The Tang Chun
Siti Akbari,1939,Joshua Wong
Kedok ketawa,1940,Jo An Djan
Bajar Dengan Djiwa,1940,Hu. R.
Dasima,1940,Tan Tjoei Hock
Harta Berdarah,1940,Rd. Ariffien
Kartinah,1940,Andjar Asmara
Kris Mataram,1940,Njoo Cheong Seng
Matjan Berbisik,1940,Tan Tjoei Hock
Melati Van Agam,1940,Tan Tjoei Hock
Pah Wongso Pendekar Boediman,1940,Jr. L.V. Wijnhamer
Roekihati,1940,Joshua Wong
Rentjong Atjeh,1940,The Tang Chun
Sorga Ka Toedjoe,1940,Joshua Wong
Sorga Palsoe,1940,Tan Tjoei Hock
Zoebaida,1940,Njoo Cheong Seng
Boedjoekan iblis,1941,Jo An Djan
Garoeda mas,1941,Jo An Djan
Moestika dari djenar,1941,Jo An Djan
Asmara Moerni,1941,Rd. Ariffien
Harta karun,1949,Usmar Ismail
Tjitra,1949,Usmar Ismail
Darah dan Doa,1950,Usmar Ismail
Meratap hati,1950,Rd. Ariffien
Djembatan merah,1950,Fred Young
Budi satria,1950,Wildan Djafar
Irawaty,1950,Wildan Djafar
Enam Djam di Djogja,1951,Usmar Ismail
Akibat,1951,Nawi Ismail
Embun,1951,D. Djajakusuma
Main-main djadi sungguhan,1951,L. Inata
Merebut kasih,1951,A. Canon
Pembalasan,1951,A. Canon
Dosa tak berampun,1951,Usmar Ismail
Njiur melambai,1951,Bambang Sudarto
Air mata pengantin,1952,S. Waldy
Terimaiah laguku,1952,D. Djajakusuma
Pahit-pahit manis,1952,L. Inata
Terkabul,1952,L. Inata
Ternoda,1952,Jo An Djan
Surja,1952,Hu
Pengorbanan,1952,Hu
Satria desa,1952,Hu
Tiga benda adjaib,1952,Hu
Pulang,1952,Basuki Effendi
Rodrigo de Villa,1952,Rempo Urip
Kumala dewa dewi,1952,Bambang Sudarto
Dewa dewi,1952,Bambang Sudarto
Tenang menanti,1952,Wildan Djafar
Chandra dewi,1952,Wildan Djafar
Si Pitjang,1952,Kotot Sukardi
Putri solo,1953,Fred Young
The Tiger from Tjampa,1953,D. Djajakusuma
Dendang sajang,1953,S. Waldy
Musafir kelana,1953,S. Waldy
Pandji semiran,1953,S. Waldy
Asmara murni,1953,L. Inata
Lagu kenangan,1953,L. Inata
Kenari,1953,L. Inata
Harimau dan merpati,1953,Hu
Ratna kumala,1953,Hu
Ajah kikir,1953,Hu
Aladin,1953,Hu
Burung bitjara,1953,Hu
Empat sekawan,1953,Hu
Pangeran hamid,1953,Hu
Tiga saudari,1953,Hu
Leilani (Tabu),1953,Rempo Urip
Kafedo,1953,Usmar Ismail
Krisis,1953,Usmar Ismail
Rosita,1953,Bambang Sudarto
Nachoda harimau lapar,1953,Bambang Sudarto
After the Curfew,1954,Usmar Ismail
Pegawai tinggi,1954,Rempo Urip
Supir istimewa,1954,Rempo Urip
Mertua sinting,1954,D. Djajakusuma
Putri dari medan,1954,D. Djajakusuma
Kali brantas,1954,S. Waldy
Malu-malu kutjing,1954,S. Waldy
Djula djuli bintang tiga,1954,S. Waldy
Perantaian 13,1954,S. Waldy
Senen raja,1954,S. Waldy
Gara-gara djanda muda,1954,L. Inata
Kasih sajang,1954,L. Inata
Kopral djono,1954,Basuki Effendi
Sri Asih,1954,Tan Sing Hwat
Adios,1954,Bambang Sudarto
Tarmina,1954,Liliek Sudjio
Debu Revolusi,1954,Syamsuddin Syafei
Tamu Agung,1955,Usmar Ismail
Ratu kentjana,1955,Rd. Ariffien
Arni,1955,D. Djajakusuma
Gadis sesat,1955,L. Inata
Rewel,1955,Hamid Arief
Seniman desa,1955,L. Inata
Ada gula ada semut,1955,Hu
Berdjumpa kembali,1955,Hu
"Oh, ibuku",1955,Ali Yugo
Sampai Berdjumpa Kembali,1955,Basuki Effendi
Kuala deli,1955,Nas Achnas
Lagi-lagi Krisis,1955,Usmar Ismail
Putra solo,1955,Bambang Sudarto
Guntur,1955,Bambang Sudarto
Dharma bakti,1955,Wildan Djafar
Kunanti di borobudur,1955,Wildan Djafar
Tiga Dara,1956,Usmar Ismail
Pegawai negeri,1956,Rd. Ariffien
Kamar kosong,1956,L. Inata
Pemetjahan polgami,1956,Hu
Pesan terachir,1956,Bambang Sudarto
Biola,1957,S. Waldy
Anakku sajang,1957,Liliek Sudjio
Sengketa,1957,Usmar Ismail
Delapan Pendjuru Angin,1957,Usmar Ismail
Teladan,1957,Bambang Sudarto
Pertikaian,1957,Imam Halilintar
Asrama Dara,1958,Usmar Ismail
Tjambuk api,1958,D. Djajakusuma
Pak prawiro,1958,D. Djajakusuma
Gending sriwidjaja,1958,S. Waldy
Turang,1958,Bachtiar Siagian
Serba salah,1959,L. Inata
Mutiara jang kembali,1959,L. Inata
Iseng,1959,Turino Junaidy
Titian serambut dibelah tudjuh,1959,Asrul Sani
Istana yang hilang,1960,Wim Umboh
Dara kembar,1960,Rd. Ariffien
Lahirnja gatotkatja,1960,D. Djajakusuma
Mak tjomblang,1960,D. Djajakusuma
Tak terduga,1960,L. Inata
Gadis manis dipinggir djalan,1960,L. Inata
Gadis diseberang djalan,1960,Turino Junaidy
Teruna djenaka,1960,Liliek Sudjio
Gaja remadja,1960,Sho Bun Seng
Laruik Sandjo,1960,Usmar Ismail
Pedjuang,1961,Usmar Ismail
Victim of Slander,1961,Usmar Ismail
Mira,1961,M. Sharieffudin
1000 langkah,1961,Turino Junaidy
Kasih tak sampai,1961,Turino Junaidy
Detik-detik berbahaja,1961,Turino Junaidy
Darmawisata,1961,Turino Junaidy
"Toha, Pahlawan Bandung Selatan",1961,Usmar Ismail
Amor dan Humor,1961,Usmar Ismail
Badai Selatan,1962,Sofia W.D.
Akce Kalimantan,1962,Vladimír Sís
Violetta,1962,Bachtiar Siagian
Dkn 901,1962,Wagimin A. Tjokrowardojo
Hadiah 2.000.000,1962,Turino Junaidy
Bajangan Diwaktu Fadjar,1962,Usmar Ismail
Anak Perawan di Sarang Penjamun,1962,Usmar Ismail
Si djimat,1963,Kurnaen Suhardiman
Masa topan dan badai,1963,D. Djajakusuma
Antara timur dan barat,1963,Turino Junaidy
Maut mendjelang magrib,1963,Turino Junaidy
Kartika aju,1963,Turino Junaidy
Daerah Tak Bertuan,1963,Alam Rengga Surawidjaja
KK 17,1964,M.D. Aliff
Rima bergema,1964,D. Djajakusuma
Tauhid,1964,Asrul Sani
Pilihan Hati,1964,Asrul Sani
Anak-Anak Revolusi,1964,Usmar Ismail
Matjan Kemajoran,1965,Wim Umboh
Minah gadis dusun,1965,S. Waldy
Takkan lari gunung dikedjar,1965,Rd. Ariffien
Operasi hansip 13,1965,Turino Junaidy
Madju tak gentar,1965,Turino Junaidy
Liburan Seniman,1965,Usmar Ismail
No man's land,1965,A. Suravijaya
Terpesona,1966,S. Waldy
Belaian kasih,1966,Turino Junaidy
Hantjurnya petualang,1966,Turino Junaidy
Fadjar ditengah kabut,1966,Danu Umbara
Kini kau kembal,1966,Danu Umbara
Fadjar Menjingsing Dipermukaan Laut,1966,Asrul Sani
Sendja di Djakarta,1967,Nico Pelamonia
Bimo kroda,1967,D. Djajakusuma
Petir sepandjang malam,1967,Syarifuddin
Kasih diambang maut,1967,Turino Junaidy
Juda saba desa,1967,Liliek Sudjio
2 X 24 djam,1967,Danu Umbara
Jakarta-Hong Kong-Macau,1968,Turino Junaidy
Operation X,1968,Misbach Jusa Biran
Ja Mualim,1968,Usmar Ismail
Si djampang mentjari naga hitam,1969,Liliek Sudjio
Orang-orang Liar,1969,Turino Junaidy
"Apa Jang Kau Tjari, Palupi?",1969,Asrul Sani
Big Village,1969,Usmar Ismail
The Ronggeng Dancer,1969,Alam Rengga Surawidjaja
Naked Ambition,1970,Kazuo Ikehiro
Bernapas dalam Lumpur,1970,Turino Junaidy
Ananda,1970,Usmar Ismail
Noda tak berampun,1970,Turino Junaidy
Djalang,1970,Danu Umbara
The Ghostly Face,1971,Sai King Yang
Misteri di Borobudur,1971,NA
Tuan Tanah Kedawung,1971,Liliek Sudjio
Lorong hitam,1971,Turino Junaidy
Singa Betina dari Marunda,1971,Sofia W.D.
Pengantin remaja,1971,Wim Umboh
Hostess Anita,1971,Matnoor Tindaon
Rakit,1971,Sandy Suwardi Hasan
Lewat tengah malam,1971,Sjuman Djaya
Bengawan solo,1971,Bay Isbahi
Jang djatuh dikaki lelaki,1971,Nico Pelamonia
Api dibukit menorah,1971,D. Djajakusuma
Malin Kundang,1971,D. Djajakusuma
Kekasihku ibuku,1971,Turino Junaidy
Biarkan musim berganti,1971,Motinggo Boesje
Biarlah aku pergi,1971,Wim Umboh
Tjisadane,1971,Askur Zain
Panji tengkorak,1971,A. Harris
Air Mata Kekasih,1971,Liliek Sudjio
Wajah Seorang Laki-Laki,1972,Teguh Karya
Beranak dalam Kubur,1972,Awaludin
Intan Perawan Kubu,1972,NA
Pendakar bambu kuning,1972,Tutie Kirana
Si Doel Anak Betawi,1972,Sjuman Djaya
Mama,1972,Wim Umboh
Bing slamet setan djalanan,1972,Hasmanan
Flamboyant,1972,Sjuman Djaya
Teror tengah malam,1972,Willy Wilianto
Anjing-anjing geladak,1972,Nico Pelamonia
Kabut bulan madu,1972,Turino Junaidy
Intan Berduri,1972,Turino Junaidy
Pengejaran ke nerak,1972,Danu Umbara
Dosa siapa,1972,Susilo S.W.D.
Seribu Janji Kumenanti,1972,Iksan Lahardi
Desa di Kaki Bukit,1972,Asrul Sani
Salah Asuhan,1972,Asrul Sani
Pemburu Mayat,1972,Kurnaen Suhardiman
Cinta Pertama,1973,Teguh Karya
Ambisi,1973,Nya Abbas Akup
Si comel,1973,S.A. Karim
Si Mamad,1973,Sjuman Djaya
Napsu gila,1973,Ali Shahab
Bumi makin panas,1973,Ali Shahab
Jauh di mata,1973,Willy Wilianto
Laki-laki pilihan,1973,Nico Pelamonia
Si Manis Jembatan Ancol,1973,Turino Junaidy
Akhir Sebuah Impian,1973,Turino Junaidy
The Bloody Ring,1973,S.A. Karim
Kutukan ibu,1973,Turino Junaidy
Lagu untukmu,1973,Ishak Suhaya
Hatiku dalam hatimu,1973,Frans Totok Ars
Ayah,1973,Amin Kertaraharja
Si Rano,1973,Motinggo Boesje
Cucu,1973,Des Alwi
Jembatan Merah,1973,Asrul Sani
Bulan di Atas Kuburan,1973,Asrul Sani
Ratapan anak tiri,1973,Sandy Suwardi Hasan
Atheis,1974,Sjuman Djaya
Benyamin spion 025,1974,H. Tjut Djalil
Ali Baba,1974,Ishak Suhaya
Bobby,1974,Fritz G. Schadt
Mistery in Hongkong,1974,Iksan Lahardi
Rio anakku,1974,Arifin C. Noer
Benyamin si Abunawas,1974,Fritz G. Schadt
Melawan badai,1974,Arifin C. Noer
Dikejar dosa,1974,Lukman Hakim Nain
Kemasukan setan,1974,Lukman Hakim Nain
Drakula Mantu,1974,Nya Abbas Akup
Putri solo,1974,Fred Young
Tarsan Kota,1974,Liliek Sudjio
Setulus hatimu,1974,Arizal
Jangan biarkan mereka lapar,1974,Chris Pattikawa
Kasih sayang,1974,Chris Pattikawa
Senyum dan tangis,1974,Arizal
Mimpi sedih,1974,Willy Wilianto
Prahara,1974,Nico Pelamonia
Jangan Kau Tangisi,1974,Ratno Timoer
Pacar,1974,Turino Junaidy
Pengakuan seorang perempuan,1974,Turino Junaidy
Pengorbanan,1974,Susilo S.W.D.
Kawin lari,1974,Teguh Karya
Ranjang pengantin,1974,Teguh Karya
Ateng Minta Kawin,1974,Nya Abbas Akup
Romi dan Juli,1974,Arifin C. Noer
Si Pitung,1975,Nawi Ismail
Sebelum Usia 17,1975,Motinggo Boesje
Laila majenun,1975,Sjuman Djaya
Tiga sekawan,1975,Chaerul Umam
Rahasia perawan,1975,Ali Shahab
Krisis X,1975,Turino Junaidy
Ateng Mata Keranjang,1975,Asrul Sani
Tiga Cewek Badung,1975,Nya Abbas Akup
Si Doel Anak Modern,1976,Sjuman Djaya
Si Pitung Beraksi Kembali,1976,Nawi Ismail
Pembalasan naga sakti,1976,Fritz G. Schadt
Sesuatu yang indah,1976,Wim Umboh
Bungalow di Lereng Bukit,1976,Turino Junaidy
Pinangan,1976,Sjuman Djaya
Ranjang siang ranjang malam,1976,Ali Shahab
Antara surga dan neraka,1976,Ratno Timoer
Impian perawan (Melati),1976,Chris Pattikawa
Dr. Firdaus,1976,Arizal
Hanya untukmu,1976,Arizal
Janji sarinah,1976,Arizal
Gadis simpanan,1976,Willy Wilianto
Wajah tiga perempuan,1976,Nico Pelamonia
Ganasnya nafsu,1976,Turino Junaidy
Liku-liku panasnya cinta,1976,Turino Junaidy
Tarsan Pensiunan,1976,Lilik Sudjio
Semoga kau kembali,1976,Motinggo Boesje
Perkawinan dalam semusim,1976,Teguh Karya
Hippies lokal,1976,Benyamin S.
Inem Pelayan Sexy,1976,Nya Abbas Akup
Oma Irama penasaran,1976,A. Harris
Selangit mesra,1977,Turino Junaidy
Suci Sang Primadona,1977,Arifin C. Noer
Al kautsar,1977,Chaerul Umam
Badai Pasti Berlalu,1977,Teguh Karya
Pembalasan Si Pitung,1977,Nawi Ismail
Krakatau,1977,Sandy Suwardi Hasan
Nasib si miskin,1977,Jopi Burnama
Rosita,1977,Dasri Jacob
Kugapai cintamu,1977,Wim Umboh
Kembang-Kembang plastik,1977,Wim Umboh
Cobra,1977,Rempo Urip
Cacat dalam kandungan,1977,Fritz G. Schadt
Jangan menangis mama,1977,Sofia W.D.
Cinta putih,1977,Chaerul Umam
Gaun hitam,1977,Ali Shahab
Secerah senyum,1977,Arizal
Cinta bersemi,1977,Chris Pattikawa
Aula cinta,1977,Arizal
Cowok komersil,1977,Arizal
Semau gue,1977,Arizal
Akulah Vivian,1977,M. Endraatmadja
Rahasia Seorang Ibu,1977,Wahyu Sihombing
Anggrek merah,1977,Nico Pelamonia
Marina,1977,Nico Pelamonia
Yoan,1977,Nico Pelamonia
Sinyo Adi,1977,Liliek Sudjio
Sorga,1977,Turino Junaidy
Gara-gara janda kaya,1977,Azwar An
Akibat pergaulan bebas,1977,Matnoor Tindaon
Arwah komersil dalam kampus,1977,Muchlis Raya
Letnan Harahap,1977,Sophan Sophiaan
Istriku Sayang Istriku Malang,1977,Wahab Abdi
Para Perintis Kemerdekaan,1977,Asrul Sani
Kemelut Hidup,1977,Asrul Sani
Penasaran,1977,A. Harris
Pendekar tangan hitam,1977,A. Harris
Sorga yang Hilang,1977,Pitradjaya Burnama
Kera Sakti,1978,Kuan Tai Chen
Pengemis dan Tukang Becak,1978,Wim Umboh
Bulu-Bulu Cendrawasih,1978,Nurhadie Irawan
Musim bercinta,1978,Arizal
Raja dangdut,1978,Maman Firmansyah
Pulau cinta,1978,Ali Shahab
Napas perempuan,1978,Ali Shahab
Laki-laki binal,1978,Arizal
Kisah Cinderella,1978,Willy Wilianto
Mat Peci,1978,Willy Wilianto
Perempuan tanpa dosa,1978,Nico Pelamonia
Salah kamar,1978,Liliek Sudjio
Godaan Siluman Perempuan,1978,Ackyl Anwari
Martini,1978,M. Sharieffudin A.
Duyung ajaib,1978,Benyamin S.
Betty bencong slebor,1978,Benyamin S.
Rahasia Perkawinan,1978,Maman Firmansyah
Balada dua jagoan,1979,Fritz G. Schadt
Black Belt Karate,1979,Wisjnu Mouradhy
Petualang cinta,1979,Turino Junaidy
Tuyul,1979,Bay Isbahi
Janur Kuning,1979,Alam Rengga Surawidjaja
Tuyul Eee Ketemu Lagi,1979,Liliek Sudjio
Gadis kampus,1979,Ishaq Iskandar
Pelajaran cinta,1979,Matnoor Tindaon
Dr Siti Pertiwi Kembali ke Desa,1979,Ami Priyono
Kisah cinta Rojali dan Zuleha,1979,Nya Abbas Akup
Sepasang merpati,1979,Chaerul Umam
Kecupan pertama,1979,Arizal
Gita Cinta dari SMA,1979,Arizal
Puspa Indah Taman Hati,1979,Arizal
Remaja idaman,1979,Arizal
Remaja remaja,1979,Arizal
"Si Boneka Kayu, Pinokio",1979,Willy Wilianto
Mana Tahaaan...,1979,Nawi Ismail
Di ujung malam,1979,Nico Pelamonia
Karena dia,1979,Nico Pelamonia
Shadow Master,1979,Larry Reed
Kerinduan,1979,Danu Umbara
Kabut Sutra Ungu,1979,Sjuman Djaya
Guruku cantik sekali,1979,Ida Farida
Ach yang Benerrr...,1979,Muchlis Raya
Primitif,1980,Sisworo Gautama Putra
Rembulan dan Matahari,1980,Slamet Rahardjo
Mereka Memang Ada,1980,Mardaly Sjarif
Perempuan dalam Pasungan,1980,Ismail Soebardjo
Bandish,1980,Nazrul Islam
Usia 18,1980,Teguh Karya
Perjuangan dan Do'a,1980,Alwi A.S.
Bukan sandiwara,1980,Sjuman Djaya
Roman Picisan,1980,Adisoerya Abdi
Senyummu Adalah Tangisku,1980,Dasri Jacob
Nikmatnya cinta,1980,Arizal
Pintar Pintar Bodoh,1980,Arizal
Rayuan Gombal,1980,Arizal
Aduhai manisnya,1980,Willy Wilianto
Irama cinta,1980,Willy Wilianto
Ge Er... Gede Rasa,1980,Nawi Ismail
Gengsi Dong,1980,Nawi Ismail
Permainan bulan desember,1980,Nico Pelamonia
Begadang karena penasaran,1980,Liliek Sudjio
Kembang semusim,1980,M.T. Risyaf
Gaya merayu,1980,Wisjnu Mouradhy
Senggol-senggolan,1980,Danu Umbara
Beningnya hati seorang gadis,1980,Frank Rorimpandey
Nakalnya anak-anak,1980,Susilo S.W.D.
Cantik,1980,Fritz G. Schadt
Goyang dangdut,1980,A. Harris
Manis-manis sombong,1980,Edward Sirait
Aduh aduh mana tahan,1980,Susilo S.W.D.
Kau tercipta untukku,1980,Susilo S.W.D.
Busana dalam mimpi,1980,Ida Farida
Melodi Cinta Rhoma Irama,1980,Muchlis Raya
Abizars,1980,A. Harris
Ratapan anak tiri II,1980,Faradilla Sandy
Anak-anak Tak Beribu,1980,Maman Firmansyah
Darna ajaib,1980,Liliek Sudjio
Buah Hati Mama,1980,Sophan Sophiaan
Jaka Sembung,1981,Sisworo Gautama Putra
Mystics in Bali,1981,H. Tjut Djalil
Steel-Fisted Dragon,1981,Iksan Lahardi
Serangan Fajar,1981,Arifin C. Noer
Di Bawah Lindungan Ka'bah,1981,Asrul Sani
Srigala,1981,Sisworo Gautama Putra
Kabut Ungu di Bibir Pantai,1981,Dasri Jacob
Lembah duka,1981,Jopi Burnama
Dalam lingkaran cinta,1981,Susilo S.W.D.
Tali merah perkawinan,1981,Henky Solaiman
Putri seorang jendral,1981,Wim Umboh
Manusia Enam Juta Dollar,1981,Ali Shahab
Betapa damai hati kami,1981,Chaerul Umam
Gadis marathon,1981,Chaerul Umam
Detik-detik cinta menyentuh,1981,Ali Shahab
Bila hati perempuan menjerit,1981,Arizal
Bodoh-bodoh mujur,1981,Arizal
Ira Maya Putri Cinderella,1981,Willy Wilianto
Setan Kredit,1981,Nawi Ismail
IQ Jongkok,1981,Nawi Ismail
Dr. Karmila,1981,Nico Pelamonia
Manusia berilmu gai,1981,Liliek Sudjio
Gundala Putra Petir,1981,Liliek Sudjio
Tomboy,1981,Djun Saptohadi
Bunga cinta kasih,1981,Danu Umbara
Deadly Angels Strike Back,1981,Danu Umbara
Butir-butir cinta tak bertepi,1981,S.A. Karim
Hidup tanpa kehormatan,1981,Wim Umboh
Dendam manusia harimau,1981,Ratno Timoer
Nila di gaun putih,1981,Sandy Suwardi Hasan
Merenda hari esok,1981,Ida Farida
Perawan-perawan,1981,Ida Farida
Badai di awal bahagia,1981,Muchlis Raya
Dukun ilmu hitam,1981,A. Harris
Gondoruwo,1981,Ratno Timoer
Leech Wizard,1981,Ackyl Anwari
Ferocious Female Freedom Fighters,1982,Jopi Burnama
"Seputih Hatinya, Semerah Bibirnya",1982,Slamet Rahardjo
"Ferocious Female Freedom Fighters, Part 2",1982,Arizal
Perhitungan terakhir,1982,Danu Umbara
Special Silencers,1982,Arizal
Satan's Slave,1982,Sisworo Gautama Putra
Sundelbolong,1982,Sisworo Gautama Putra
Nyi Blorong,1982,Sisworo Gautama Putra
Aladin dan Lampu Wasiat,1982,Sisworo Gautama Putra
Jakarta Jakarta,1982,Ami Priyono
Titian Serambut Dibelah Tujuh,1982,Chaerul Umam
Melody cinta,1982,Alwi A.S.
Gadis Bionik,1982,Ali Shahab
Sangkuriang,1982,Sisworo Gautama Putra
Serbuan halilintar,1982,Arizal
Warok singo kobra,1982,Nawi Ismail
Duel naga wulung,1982,Dasri Jacob
Tangkuban Perahu,1982,Liliek Sudjio
Neraca kasih,1982,Henky Solaiman
Melodi cinta,1982,Arizal
Dongkrak Antik,1982,Arizal
Tongkat sakti,1982,Willy Wilianto
Sentuhan kasih,1982,Willy Wilianto
Hukum Karma,1982,Jimmy Atmaja
Jin Galunggung,1982,Ratno Timoer
Bawalah aku pergi,1982,M.T. Risyaf
Bayi Ajaib,1982,Tindra Rengat
Untung Ada Saya,1982,Liliek Sudjio
Cara Hebat Ikut Penanggulangan Masalah Sosial,1982,Iksan Lahardi
Perempuan Bergairah,1982,Jopi Burnama
Misteri ronggeng jaipong,1982,Mardaly Sjarif
The Warrior and the Blind Swordsman,1983,Worod Suma
Escape from Hellhole,1983,Maman Firmansyah
Kamp Tawanan Wanita,1983,Jopi Burnama
Membakar Matahari,1983,Arizal
Pendekar Liar,1983,Dasri Jacob
Di Balik Kelambu,1983,Teguh Karya
Roro Mendut,1983,Ami Priyono
Lebak Membara,1983,Imam Tantowi
Damarwulan-Minakjinggo,1983,Liliek Sudjio
Cinta Segi Tiga,1983,Yung Indrajaya
Kadarwati,1983,Sophan Sophiaan
Pasukan Berani Mati,1983,Imam Tantowi
Perkawinan Nyi Blorong,1983,Sisworo Gautama Putra
Yang,1983,Ami Priyono
Lenyapnya Dendam Si Buta,1983,S.A. Karim
Pengantin Pantai Biru,1983,Wim Umboh
Budak Nafsu,1983,Sjuman Djaya
Jaka geledek,1983,Fritz G. Schadt
Lara jonggrang,1983,Jimmy Atmaja
Midah Perawan Buronan,1983,Fritz G. Schadt
Maju Kena Mundur Kena,1983,Arizal
Pokoknya Beres,1983,Arizal
Bergola Ijo,1983,Arizal
Darah dan Mahkota Ronggeng,1983,Yazman Yazid
Permainan cinta,1983,Willy Wilianto
Gadis telepon,1983,Willy Wilianto
Penakluk srigala,1983,Willy Wilianto
Luka hati sang bidadari,1983,Nico Pelamonia
Ken Arok - Ken Dedes,1983,Djun Saptohadi
Dilihat boleh dipegang jangan,1983,Danu Umbara
Tujuh wanita dalam tugas rahasia,1983,Mardaly Sjarif
Rambut keriting,1983,Susilo S.W.D.
Rumput-rumput yang bergoyang,1983,Susilo S.W.D.
Tante garang,1983,Ida Farida
Tirai malam pengantin,1983,Ida Farida
Apanya Dong,1983,Nya Abbas Akup
Tendangan iblis,1983,A. Harris
Nyi Ageng Ratu Pemikat,1983,Sisworo Gautama Putra
Golok Setan,1984,Ratno Timoer
Revenge of the Ninja,1984,Ratno Timoer
Satria Bergitar,1984,Nurhadie Irawan
Pengkhianatan G30S/PKI,1984,Arifin C. Noer
Hati yang perawan,1984,Chaerul Umam
Sunan Kalijaga,1984,Sofyan Sharna
Bibir-Bibir Bergincu,1984,Mardaly Sjarif
Tirai kasih,1984,Agus Elias
Kontraktor,1984,Wahab Abdi
Saat-Saat yang indah,1984,Sophan Sophiaan
Ponirah Terpidana,1984,Slamet Rahardjo
Tahu Diri Dong,1984,Arizal
Itu Bisa Diatur,1984,Arizal
Mawar berbisa,1984,Dhany Firdaus
Musuh dalam selimut,1984,Willy Wilianto
Persaingan remaja,1984,Willy Wilianto
Dia sang penakluk,1984,Imam Tantowi
Duel,1984,Bacharoem Halilintar
Yang terbelenggu,1984,Nico Pelamonia
Kenikmatan,1984,Nico Pelamonia
Jejak pengantin,1984,M.T. Risyaf
Lelaki sejati,1984,Danu Umbara
Di Luar Batas,1984,Jopi Burnama
Lorong-lorong asmara,1984,Susilo S.W.D.
Asmara di balik pintu,1984,Ida Farida
Telaga Angker,1984,Sisworo Gautama Putra
Elang laut,1984,A. Harris
Sona anak srigala,1984,A. Harris
Jaka Sembung & Bergola Ijo,1985,H. Tjut Djalil
Hell Raiders,1985,Gope T. Samtani
Kembang Kertas,1985,Slamet Rahardjo
Kodrat,1985,Slamet Rahardjo
Secangkir Kopi Pahit,1985,Teguh Karya
Pembalasan Rambu,1985,Jopi Burnama
Ratu Sakti Calon Arang,1985,Sisworo Gautama Putra
Doea Tanda Mata,1985,Teguh Karya
Cinta kembar,1985,Liliek Sudjio
Merpati Tak Pernah Ingkar Janji,1985,Wim Umboh
Carok,1985,Imam Tantowi
Residivis,1985,Imam Tantowi
Noda X,1985,Ackyl Anwari
Sunan Kalijaga & Syech Siti Jenar,1985,Ackyl Anwari
Romantika,1985,Henky Solaiman
Darah perjaka,1985,Ackyl Anwari
Preman,1985,Torro Margens
Si Buta dari Gua Hantu,1985,Ratno Timoer
Matahari-Matahari,1985,Arifin C. Noer
Gantian Dong,1985,Arizal
Putri Duyung,1985,Atok Suharto
Jejaka-Jejaka,1985,Iksan Lahardi
Kulihat cinta di matanya,1985,Achiel Nasrun
Kesempatan Dalam Kesempitan,1985,Arizal
Bukit Berdarah,1985,Atok Suharto
Satu cinta 1000 dusta,1985,Willy Wilianto
Persaingan asmara,1985,Willy Wilianto
I.Q. 200,1985,Willy Wilianto
Idola remaja,1985,Maman Firmansyah
Kesan pertama,1985,M.T. Risyaf
Gejolak kawula muda,1985,Maman Firmansyah
Tak ingin sendiri,1985,Ida Farida
Kemilau cinta di langit jingga,1985,Muchlis Raya
Melintas Badai,1985,Sophan Sophiaan
Tari Kejang Muda Mudi,1985,Sharieffudin
Bangunnya Nyi Roro Kidul,1985,Sisworo Gautama Putra
Final Score,1986,Arizal
Batas Impian Ranjang Setan,1986,H. Tjut Djalil
Ibunda,1986,Teguh Karya
Komando Samber Nyawa,1986,E.G. Bakker
Kejarlah Daku Kau Kutangkap,1986,Chaerul Umam
Di dadaku ada cinta,1986,Paramitha Rusady
Petualangan Cinta Nyi Blorong,1986,Sisworo Gautama Putra
Opera Jakarta,1986,Sjuman Djaya
Gadis Hitam Putih,1986,Wahyu Sihombing
Langganan,1986,Atok Suharto
Anak-anak malam,1986,Yazman Yazid
Merangkul langit,1986,M.T. Risyaf
Biarkan Bulan Itu,1986,Arifin C. Noer
Anunya kamu,1986,Bay Isbahi
Menggapai matahari,1986,Nurhadie Irawan
Keluarga Markum,1986,Chaerul Umam
Sama Juga Bohong,1986,Chaerul Umam
Cemburu nih yee...,1986,Ali Shahab
Segi tiga emas,1986,Arizal
Pengantin baru,1986,Arizal
Menyibak kabut cinta,1986,Willy Wilianto
Sentuhan Rumput yang Bergoyang,1986,Willy Wilianto
"Up OK, Down OK",1986,H. Tjut Djalil
Takdir Marina,1986,Wahab Abdi
Bintang Kejora,1986,Chaerul Umam
Sengatan Kobra,1986,Mardaly Sjarif
Usia Dalam Gejolak,1986,Sisworo Gautama Putra
Malam Jumat Kliwon,1986,Sisworo Gautama Putra
Si Buta dari Gua Hantu: Neraka Perut Bumi,1987,Ratno Timoer
Barang Terlarang,1987,Maman Firmansyah
Naga Bonar,1987,M.T. Risyaf
Menumpas Teroris,1987,Imam Tantowi
Catatan Si Boy,1987,Nasri Cheppy
Bilur-bilur penyesalan,1987,Nasri Cheppy
Cintaku di Rumah Susun,1987,Nya Abbas Akup
Kerikil-Kerikil Tajam,1987,Sjuman Djaya
Ayahku,1987,Agus Elias
Kelabang Seribu,1987,Imam Tantowi
Tujuh Manusia Harimau,1987,Imam Tantowi
Samson and Delilah,1987,Sisworo Gautama Putra
Virgins from Hell,1987,Ackyl Anwari
Dewi Cinta,1987,Abdi Wiyono
Arini,1987,Sophan Sophiaan
"Front OK, Behind OK",1987,H. Tjut Djalil
Mandala dari sungai ular,1987,Ackyl Anwari
Lupus,1987,Achiel Nasrun
Kasmaran,1987,Slamet Rahardjo
Misteri sumur tua,1987,Ali Shahab
Sama-sama enak,1987,Arizal
Pelet,1987,Imam Tantowi
Siluman srigala putih,1987,Imam Tantowi
Johny Indo,1987,Jimmy Atmaja
Saya Suka Kamu Punya,1987,Tommy Burnama
Dendam Anak Buangan,1987,Dasri Jacob
Macan Kampus,1987,Adisoerya Abdi
Gema hati bernyanyi (setitik embun),1987,Adisoerya Abdi
Nada-Nada Rindu,1987,Muchlis Raya
Misteri Rumah Tua,1987,Liliek Sudjio
Bayangan Cinta,1987,Abdi Wiyono
Jungle Virgin Force,1988,Danu Umbara
American Hunter,1988,Arizal
Catatan Si Boy 2,1988,Nasri Cheppy
Saur Sepuh: Satria Madangkara,1988,Imam Tantowi
Elegi Buat Nana,1988,Achiel Nasrun
Saskia,1988,Boyke Roring
Setegar gunung batu,1988,Slamet Riyadi
Bayar tapi nyicil,1988,Arizal
Malaikat bayangan,1988,Tommy Burnama
Irisan-Irisan Hati,1988,Djun Saptohadi
The White Alligator,1988,H. Tjut Djalil
Siluman kera,1988,M. Abnar Romli
Pertarungan Iblis Merah,1988,Denny H.W.
Perempuan Malam,1988,Atok Suharto
Arini II,1988,Wim Umboh
Santet,1988,Sisworo Gautama Putra
Jodoh Boleh Diatur,1988,Ami Priyono
Akibat terlalu genit,1988,Hadi Poernomo
Kisah anak-anak Adam,1988,Ali Shahab
Tiga Setan Darah dan Cambuk Api Angin,1988,Liliek Sudjio
Cakar harimau,1988,Dhany Firdaus
Pengakuan,1988,Maman Firmansyah
Malam Satu Suro,1988,Sisworo Gautama Putra
Brahma manggala,1988,Jimmy Atmaja
Pendekar ksatria,1988,Jopi Burnama
Wewe Gombel,1988,B.Z. Kadaryono
Arwah Anak Ajaib,1988,Tommy Burnama
Permainan Dibalik Tirai,1988,Maman Firmansyah
Bangkitnya Si Mata Malaikat,1988,Iksan Lahardi
Terang bulan di tengah hari,1988,Chaerul Umam
Bisikan Arwah,1988,Jopi Burnama
Siluman Teluk Gonggo,1988,Liliek Sudjio
Bendi keramat,1988,A. Harris
Bisa Kelabang Geni,1988,Dasri Jacob
Putri Kuntilanak,1988,Atok Suharto
Lukisan Berlumur Darah,1988,Torro Margens
Bayi Tabung,1988,Nurhadie Irawan
Lady Terminator,1989,H. Tjut Djalil
Istana Kecantikan,1989,Wahyu Sihombing
Double Crosser,1989,Arizal
Rio sang juara,1989,Muchlis Raya
Saur Sepuh 2: Pesanggrahan Keramat,1989,Imam Tantowi
Joe Turun ke Desa,1989,Chaerul Umam
Ketika cinta telah berlalu,1989,Adisoerya Abdi
Raden Ajeng Kartini,1989,Sjuman Djaya
Lebih Asyik Sama Kamu,1989,Arizal
Makelar kodok,1989,Norman Benny
Saat kukatakan cinta,1989,Adisoerya Abdi
Tarzan Raja Rimba,1989,Ackyl Anwari
Musnahkan Ilmu Santet,1989,Maman Firmansyah
Laura si Tarzan,1989,Willy Wilianto
Wanita Harimau,1989,Sisworo Gautama Putra
Lupus III,1989,Edi Siswanto
Pacar Ketinggalan Kereta,1989,Teguh Karya
Si Roy,1989,Achiel Nasrun
Malioboro,1989,Chaerul Umam
Tiga Gadis Pilihan,1989,Jopi Burnama
Jurus Dewa Naga,1989,S.A. Karim
Badai jalanan,1989,Dhany Firdaus
Mistri cinta,1989,Willy Wilianto
Pembalasan si mata elang,1989,Imam Tantowi
Si badung,1989,Imam Tantowi
Langkah-langkah pasti,1989,A. Rachman
Nuansa birunya rinjani,1989,Jimmy Atmaja
Roh,1989,Susilo S.W.D.
"Hey, Cutie!",1989,Hadi Poernomo
Si pahit lidah dans si mata empat,1989,Liliek Sudjio
Please Be Patient!,1989,Ida Farida
Semua sayang kamu,1989,Ida Farida
Pendekar ilmu api,1989,M. Sharieffudin A.
Pancasona,1989,M. Abnar Romli
Cinta Berdarah,1989,Torro Margens
Kanan Kiri OK,1989,Deddy Armand
Langitku Rumahku,1990,Slamet Rahardjo
Angel of Fury,1990,Ackyl Anwari
Catatan Si Boy 3,1990,Nasri Cheppy
Jual tampang,1990,Christ Helweldery
Misteri dari Gunung Merapi,1990,Liliek Sudjio
Suamiku sayang,1990,Henky Solaiman
Blok M,1990,Edward Sirait
Pengantin,1990,Wim Umboh
Soerabaja '45,1990,Imam Tantowi
Jampang,1990,M. Abnar Romli
Saur Sepuh 3: Kembang Gunung Lawu,1990,Imam Tantowi
Jaka Swara,1990,Liliek Sudjio
Tarzan penunggu harta karun,1990,M. Abnar Romli
Balada Tiga Jagoan,1990,Imam Putra Piliang
Si Buta dari Gua Hantu: Lembah Tengkorak,1990,Ratno Timoer
Makelar kodok untung besar,1990,Norman Benny
Rebo & Robby,1990,Ucik Supra
Diskotik DJ,1990,Dhany Firdaus
Forgotten Rules,1990,H. Tjut Djalil
Antri Dong,1990,Arizal
Ikut-ikutan,1990,Arizal
Jampang II,1990,S.A. Karim
Turangga,1990,Eddy Sajoedie
Aji Pamungkas,1990,Slamet Riyadi
Perempuan kedua,1990,Ida Farida
Ricky (Nakalnya Anak Muda),1990,Achiel Nasrun
Lupus IV: Anak Mami Sudah Besar,1990,Achiel Nasrun
Cinta anak muda,1990,Hadi Poernomo
Jangan bilang siapa-siapa,1990,Chaerul Umam
Oom pasikom,1990,Chaerul Umam
I Can't Hold It,1990,Arizal
Curi-curi kesempatan,1990,Arizal
Rahasia patukan cobra,1990,Willy Wilianto
Srigala jalanan,1990,Dhany Firdaus
Guntur tengah malam,1990,A. Rachman
Jaka tuak,1990,S.A. Karim
Sepondok dua cinta,1990,M.T. Risyaf
Titisan Dewi Ular,1990,Sisworo Gautama Putra
Wanita Jelmaan,1990,Sofyan Sharna
Ratapan anak tiri III,1990,Sandy Suwardi Hasan
Pusaka Penyebar Maut,1990,Sisworo Gautama Putra
Perjanjian Terlarang,1990,B.Z. Kadaryono
Taksi,1991,Arifin C. Noer
Misteri Janda Kembang,1991,H. Tjut Djalil
Rini tomboy,1991,Noto Bagaskoro
Catatan Si Boy 5,1991,Nasri Cheppy
Pesta,1991,Edward Sirait
Taksi 2,1991,Ismail Soebardjo
Gadis Metropolis,1991,Bobby Sandy
Gema kampus 66,1991,Nico Pelamonia
Ajian Ratu Laut Kidul,1991,Sisworo Gautama Putra
Zig Zag,1991,Putu Wijaya
Kamandaka,1991,M. Abnar Romli
Yang tercinta,1991,M.T. Risyaf
Bernafas dalam lumpur,1991,Turino Junaidy
Bujang jelihin,1991,Dasri Jacob
Cakar naga,1991,Bacharoem Halilintar
Catatan Si Emon,1991,Nasri Cheppy
Cinta dan noda,1991,Slamet Riyadi
Daerah jagoan,1991,Dhany Firdaus
Darah pendekar,1991,Bacharoem Halilintar
Dari pintu ke pintu,1991,B.Z. Kadaryono
Jurus-jurus sakti,1991,Bacharoem Halilintar
Makhluk dari Kubur,1991,S.A. Karim
Misteri ronggeng,1991,Lukmantoro D.S.
Nada dan Dakwah,1991,Chaerul Umam
Perawan metropolitan,1991,Ishaq Iskandar
Plong,1991,Putu Wijaya
Sekretaris,1991,Hadi Poernomo
Si Kabayan dan Anak Jin,1991,Henky Solaiman
Suromenggolo,1991,Dasri Jacob
Badai laut selatan,1991,Nurhadie Irawan
Barang titipan,1991,Ida Farida
"Can Go Up, Can Go Down",1991,Arizal
Boss carmad,1991,Chaerul Umam
I Can Hold It Long,1991,Arizal
Akal-akalan,1991,Arizal
Saur Sepuh 4: Titisan Darah Biru,1991,Imam Tantowi
Perjanjian di Malam Keramat,1991,Sisworo Gautama Putra
Penumpas Ajaran Sesat,1991,M. Sharieffudin A.
Babad Tanah Leluhur II,1991,Denny H.W.
Cinta Dalam Sepotong Roti,1992,Garin Nugroho
Bibir Mer,1992,Arifin C. Noer
Olga dan Sepatu Roda,1992,Achiel Nasrun
Narkoba,1992,Jopi Burnama
Kembalinya Si Janda Kembang,1992,Sisworo Gautama Putra
Trouble Everywhere,1992,Arizal
Mystery of the Cold-Blooded Woman,1992,S.A. Karim
Asmara,1992,Adisoerya Abdi
Ramadhan dan Ramona,1992,Chaerul Umam
Salah Masuk,1992,Arizal
Salah pencet,1992,Arizal
Pelangi di nusa laut,1992,M.T. Risyaf
Skandal Iblis,1992,H. Tjut Djalil
Saur Sepuh V: Istana Atap Langit,1992,Torro Margens
Kuberikan Segalanya,1992,Galeb Husein
Selembut Wajah Anggun,1992,Agus Elias
Badut-Badut Kota,1993,Ucik Supra
Gairah Malam,1993,Ariel Prakasa
Godaan perempuan halus,1993,Jopi Burnama
Ranjang pemikat,1993,Pitradjaya Burnama
Susuk Nyi Roro Kidul,1993,Azwar An
Walet merah,1993,S.A. Karim
Perawan lembah wilis,1993,Tommy Burnama
Tahu beres,1993,Arizal
Gara-gara,1993,Arizal
Mumpung Ada Kesempatan,1993,Arizal
Akibat hamil muda,1993,Dhany Firdaus
No Rules Rules,1993,H. Tjut Djalil
Tabir biru,1993,Muchlis Raya
Misteri di Malam Pengantin,1993,Atok Suharto
Surat Untuk Bidadari,1994,Garin Nugroho
Si Kabayan Mencari Jodoh,1994,Maman Firmansyah
Catatan Harian Tante Sonya,1994,Abrar Siregar
Dewi Angin Angin,1994,Ackyl Anwari
Godaan Cinta,1994,Atok Suharto
Membakar gairah,1994,Golden Kasmara
Pergaulan,1994,Yonky Souhoka
Pergaulan metropolis,1994,H. Tjut Djalil
Ranjang yang Ternoda,1994,Norman Benny
Setetes Noda Manis,1994,Maman Firmansyah
Wanita Dalam Gairah,1994,H. Tjut Djalil
Macho,1994,Tommy Burnama
Jurus dewa kobra,1994,S.A. Karim
Kenikmatan Tabu,1994,Ackyl Anwari
"Suami, istri dan kekasih",1994,Achiel Nasrun
Saya Duluan Dong,1994,Arizal
Touch Me Here Touch Me There,1994,Arizal
Godaan membara,1994,Dhany Firdaus
Setulus nurani perempuan,1994,Willy Wilianto
Selir Durgaratih III,1994,Willy Wilianto
Gaun Merah,1994,H. Tjut Djalil
Kabut asmara,1994,Torro Margens
Bulan Tertusuk Ilalang,1995,Garin Nugroho
Ruby Fruit,1995,Takumi Kimizuka
Di balik pelukan laki laki,1995,Abdul Razak
Gadis metropolis 2,1995,Bobby Sandy
Gairah Malam 2,1995,Steady Rimba
Roda-roda asmara di bukit sentul,1995,Norman Benny
Panther,1995,S.A. Karim
Forbidden Love,1995,Pitradjaya Burnama
Permainan Binal,1995,Yonky Souhoka
Bisikan Nafsu,1996,Steady Rimba
Cinta dan Nafsu,1996,Emil G. Hampp
Hukuman Zinah,1996,Emil G. Hampp
Lampiasan nafsu,1996,Emil G. Hampp
Selingkuh,1996,Emil G. Hampp
Bergairah di Puncak,1996,Windy Chindyana
Lukisan perkawinan,1996,Dian Hasri
Jaringan tabu,1996,Prawoto S. Rahardjo
Birahi perempuan halus,1997,Henry Farel L. Tobing
Leaf on a Pillow,1998,Garin Nugroho
Fatahillah,1998,Imam Tantowi
Sri,1999,Marselli Sumarno
Kuldesak,1999,Nan Triveni Achnas
Misteri cinta,1999,Febby Lawrence
Sherina's Adventure,2000,Riri Riza
Telegram,2000,Slamet Rahardjo
Reinkarnasi,2000,Dede Yusuf
November 1828,2001,Teguh Karya
Pasir Berbisik,2001,Nan Triveni Achnas
Jakarta Project,2001,Indra Yudhistira
The Uninvited,2001,Rizal Mantovani
Marsinah,2001,Slamet Rahardjo
Tragedi,2001,Rudy Soedjarwo
Viva Indonesia,2001,Ravi L. Bharwani
Joshua Oh Joshua,2001,Edward Sirait
What's Up with Cinta?,2002,Rudy Soedjarwo
Ca-bau-kan,2002,Nia Di Nata
"Eliana, Eliana",2002,Riri Riza
Bendera,2002,Nan Triveni Achnas
Beth,2002,Aria Kusumadewa
Andai Ia Tahu,2002,Indra Yudhistira
Arwah yang Kembali,2002,Anto Airlangga
Kafir,2002,Mardaly Sjarif
Titik Hitam,2002,Sentot Sahid
I Wanna Kiss You Once,2002,Garin Nugroho
5 Sehat 4 Sempurna,2002,Richard Buntario
Tato,2003,Hanny Saputra
Rumah Ketujuh,2003,Rudy Soedjarwo
The Stringless Violin,2003,Sekar Ayu Asmara
Tusuk Jelangkung,2003,Dimas Djayadiningrat
The Gathering!,2003,Nia Di Nata
Singa Karawang Bekasi,2003,Nurul M. Berry
Biarkan Bintang Menari,2003,Indra Yudhistira
Cinta 24 Karat,2003,Richard Buntario
Kiamat Sudah Dekat,2003,Deddy Mizwar
Untukmu,2003,Asun Mawardi
30 Hari Mencari Cinta,2004,Upi Avianto
Kejar Amerika,2004,David Sungkar
Of Love and Eggs,2004,Garin Nugroho
Petualangan 100 Jam,2004,Winaldha E. Melalatoa
Impian Kemarau,2004,Ravi L. Bharwani
Chasing the Sun,2004,Rudy Soedjarwo
Satu Kecupan,2004,Findo Poernowo
Kanibal - Sumanto,2004,Christ Helweldery
Lovely Luna,2004,Lasja Fauzia
Bangsal 13,2004,Ody C. Harahap
Gerbang 13,2004,Nanda J. Umbara
Tak Biasa,2004,Jose Poernomo
Ketika,2004,Deddy Mizwar
Banyu Biru,2005,Teddy Soeriaatmadja
Gie,2005,Riri Riza
About Someone,2005,Rudy Soedjarwo
Purple and Violet,2005,Rako Prijanto
Pontianak Harum Sundal Malam 2,2005,Shuhaimi Baba
Dear Rena,2005,Riri Riza
Belahan Jiwa,2005,Sekar Ayu Asmara
Detik Terakhir,2005,Nanang Istiabudi
What Love Means,2005,Sunil Soraya
Issue,2005,Gunawan Paggaru
Vina Bilang Cinta,2005,Indra Yudhistira
Catatan Akhir Sekolah,2005,Hanung Bramantyo
Brownies,2005,Hanung Bramantyo
Alexandria,2005,Ody C. Harahap
Missing,2005,Nayato Fio Nuala
Bad Wolves,2005,Richard Buntario
Paikeda: Man in Stone,2005,Ineke de Vries
12:00 A.M.,2005,Nayato Fio Nuala
Me vs. High Heels,2005,Nayato Fio Nuala
Panggil Namaku 3×,2005,Nayato Fio Nuala
Virgin,2005,Hanny Saputra
Mirror,2005,Hanny Saputra
Psikopat,2005,Rudy Aryanto
Maskot,2006,Robin Moran
The Nine Dragons,2006,Rudy Soedjarwo
Garasi,2006,Agung Sentausa
Love for Share,2006,Nia Di Nata
Javanese Opera,2006,Garin Nugroho
Jatuh Cinta Lagi,2006,Rizal Mantovani
The Chanting,2006,Rizal Mantovani
Lentera Merah,2006,Hanung Bramantyo
Pesan dari Surga,2006,Sekar Ayu Asmara
"Realita, Cinta, dan Rock 'n Roll",2006,Upi Avianto
Pohon Terkenal,2006,Annisa Meutia Amir
Dunia Mereka,2006,Lasja Fauzia
"Denias, Singing on the Cloud",2006,John de Rantau
Jakarta Undercover,2006,Lance Laggong
Koper,2006,Richard Oh
Ruang,2006,Teddy Soeriaatmadja
D'Girlz Begins,2006,Tengku Firmansyah
Ekspedisi Madewa,2006,Franklin Darmadi
Jomblo,2006,Hanung Bramantyo
Pocong 2,2006,Rudy Soedjarwo
Heart,2006,Hanny Saputra
Hantu Jeruk Purut,2006,Nayato Fio Nuala
Bangku Kosong,2006,Helfi C.H. Kardit
Gotcha,2006,Nayato Fio Nuala
Pocong,2006,Rudy Soedjarwo
Ketika Tinta Bicara,2006,Yuda Kurniawan
Gue Kapok Jatuh Cinta,2006,Thomas Nawilis
Betina,2006,Lola Amaria
Dead Time,2007,Joko Anwar
Suster N,2007,Viva Westi
Three Days to Eternity,2007,Riri Riza
Badai Pasti Berlalu,2007,Teddy Soeriaatmadja
Love Is Cinta,2007,Hanny Saputra
Mengejar Mas Mas,2007,Rudy Soedjarwo
Naga Bonar Jadi 2,2007,Deddy Mizwar
Angkerbatu,2007,Jose Poernomo
Thirteenth Floor,2007,Helfi C.H. Kardit
Selamanya,2007,Ody C. Harahap
Malam Jumat Kliwon,2007,Nayato Fio Nuala
Anak-anak Borobudur,2007,Arswendo Atmowiloto
Bukan Bintang Biasa,2007,Lasja Fauzia
Roh,2007,Atok Suharto
Terowongan Casablanca,2007,Nanang Istiabudi
The Photograph,2007,Nan Triveni Achnas
Hantu,2007,Adrianto Sinaga
Lari dari Blora,2007,Akhlis Suryapati
Quickie Express,2007,Dimas Djayadiningrat
Kangen,2007,Nayato Fio Nuala
Genderuwo,2007,K.K. Dheeraj
Lawang Sewu,2007,Arie Azis
Pocong 3,2007,Monty Tiwa
The Chanting 2,2007,Rizal Mantovani
Jelangkung 3,2007,Angga Dwimas Sasongko
Medley,2007,Franklin Darmadi
Get Married,2007,Hanung Bramantyo
Legenda Sundel Bolong,2007,Hanung Bramantyo
Perempuan Punya Cerita,2007,Upi Avianto
Pulau Hantu,2007,Jose Poernomo
The Butterfly,2007,Nayato Fio Nuala
Tentang Cinta,2007,Soni Gaokasak
The Wall,2007,Kumar Pareek
Enam,2007,Stephen Odang
Film Horor,2007,Toto Hoedi
Miracle: Menantang Maut,2007,Helfi C.H. Kardit
Beranak dalam Kubur,2007,Freddy Lingga
The Secret: Suster Ngesot Urban Legend,2007,Arie Azis
Blind Pig Who Wants to Fly,2008,Edwin
40 Hari Bangkitnya Pocong,2008,Rudy Soedjarwo
Claudia/Jasmine,2008,Awi Suryadi
"XL: Extra Large - Antara Aku, Kau, dan Mak Erot",2008,Monty Tiwa
Hantu Ambulance,2008,Nayato Fio Nuala
Hantu Jembatan Ancol,2008,Arie Azis
In the Name of Love,2008,Rudy Soedjarwo
Kawin Kontrak,2008,Ody C. Harahap
The Chanting 3,2008,Rizal Mantovani
Love,2008,Kabir Bhatia
"Mereka Bilang, Saya Monyet!",2008,Djenar Maesa Ayu
Otomatis Romantis,2008,Guntur Soeharjanto
Radit & Jani,2008,Upi Avianto
The Secret of Stars,2008,Yulianto Krisbiantoro
Susahnya Jadi Perawan,2008,Mirwan Suwarso
Verses of Love,2008,Hanung Bramantyo
D.O. (Drop Out),2008,Winaldha E. Melalatoa
From Bandung with Love,2008,Henry Adianto
Kesurupan,2008,Rizal Mantovani
Namaku Dick,2008,Teddy Soeriaatmadja
Kekasih,2008,Wisnu Adi
Kereta Hantu Manggarai,2008,Nayato Fio Nuala
Kun fayakuun,2008,Guntur Novaris
Planet Mars,2008,Reka Wijaya
Tali Pocong Perawan,2008,Arie Azis
"Ada Kamu, Aku Ada",2008,Rizal Mantovani
Summer Breeze,2008,Allan Lunardi
Coblos Cinta,2008,Findo Purwono
Lost in Love,2008,Rachmania Arunita
May,2008,Viva Westi
The Shaman,2008,Raditya Sidharta
The Tarix Jabrix,2008,Iqbal Rais
My Love is Forever,2008,Thomas Nawilis
Fiksi.,2008,Mouly Surya
Karma,2008,Allan Lunardi
Best Friend?,2008,Fajar Bustomi
Sumpah Pocong di Sekolah,2008,Awi Suryadi
Mengaku Rasul,2008,Helfi C.H. Kardit
Pulau Hantu 2,2008,Jose Poernomo
Tri Mas Getir,2008,Rako Prijanto
Hantu Perawan Jeruk Purut,2008,Nayato Fio Nuala
Oh Baby,2008,Cassandra Massardi
Ikhsan: Mama I Love You,2008,Rico M. Bradley
Tiren: Mati Kemaren,2008,Emil G. Hampp
Under the Tree,2008,Garin Nugroho
Asoy Geboy,2008,Arie Azis
Basahhh...,2008,M. Haikal
Hantu Aborsi,2008,Toto Hoedi
Kick 'n Love,2008,Dennis Adhiswara
Setannya Kok Beneran?,2008,Muchyar Syamas
Syahadat Cinta,2008,Gunawan Paggaru
Tulalit,2008,Saptadji
"Oh, My God!",2008,Rako Prijanto
Puber,2008,Gerhard S. Mali
Sarang Kuntilanak,2008,Nayato Fio Nuala
Sebelah mata,2008,Rudy Soedjarwo
Anda Puas Saya Loyo,2008,K.K. Dheeraj
Barbi3,2008,Monty Tiwa
Meet Me in Venice,2008,Rocky Soraya
Cinlok,2008,Guntur Soeharjanto
Kita punya bendera,2008,Steven Purba
Laskar Pelangi,2008,Riri Riza
Liar,2008,Rudy Soedjarwo
Liburan seruuu...!!,2008,Sofyan D. Surza
Suami-Suami Takut Istri: The Movie,2008,Sofyan D. Surza
Tapi bukan aku,2008,Irwan Siregar
Doa yang Mengancam,2008,Hanung Bramantyo
Cinta Setaman,2008,Harry Suharyadi
Gara-Gara Bola,2008,Agasyah Karim
Ku Tunggu Jandamu,2008,Findo Purwono
Musik Hati,2008,Angga Dwimas Sasongko
Skandal Cinta Babi Ngepet,2008,K.K. Dheeraj
Takut: Faces of Fear,2008,Robby Ertanto
Kawin Kontrak Lagi,2008,Ody C. Harahap
Mupeng,2008,Awi Suryadi
Kado Hari Jadi,2008,Paul Agusta
Anak ajaib,2008,Tjandra Warasto
Kalau Cinta Jangan Cengeng,2008,Monty Tiwa
MBA: Married by Accident,2008,Winaldha E. Melalatoa
Merem Melek,2008,Nayato Fio Nuala
Saus Kacang,2008,Indrayanto Kurniawan
Tarzan ke Kota,2008,Reka Wijaya
Mas Suka Masukin Aja,2008,Rully Manna
Pencarian Terakhir,2008,Affandi Abdul Rachman
Pocong vs. Kuntilanak,2008,David Purnomo
Si Jago Merah,2008,Iqbal Rais
3 Doa 3 Cinta,2008,Nurman Hakim
Bukan Cowok Idola,2008,Iqbal Rais
Pintu Terlarang,2009,Joko Anwar
Kawin Laris,2009,Cassandra Massardi
Woman with a Turban,2009,Hanung Bramantyo
Setan Budeg,2009,Findo Purwono
Merantau,2009,Gareth Evans
Asmara Dua Diana,2009,Awi Suryadi
Glitch: Tersesat dalam Waktu,2009,David Purnomo
Hantu Jamu Gendong,2009,Nayato Fio Nuala
Kuntilanak Beranak,2009,Nayato Fio Nuala
Mati Suri,2009,Rizal Mantovani
Sepuluh,2009,Henry Riady
Jagad X Code,2009,Herwin Novianto
Hantu Biang Kerok,2009,We We
Kambing Jantan,2009,Rudy Soedjarwo
Kirun + Adul,2009,Jose Poernomo
The Ghost of Mortuary,2009,Nayato Fio Nuala
Sumpah (Ini) Pocong!,2009,Helfi C.H. Kardit
Pijat Atas Tekan Bawah,2009,K.K. Dheeraj
SMS: Suka Ma Suka,2009,Encep Masduki
Wakil Rakyat,2009,Monty Tiwa
The Real Pocong,2009,Hanny Saputra
Terowongan Rumah Sakit,2009,Helfi C.H. Kardit
Benci Disko,2009,Rako Prijanto
The Ghost Train of Manggarai,2009,Nanang Istiabudi
Anak Setan,2009,Allo Geaffary
Bukan Cinta Biasa,2009,Benni Setiawan
Darah Janda Kolong Wewe,2009,Mamahit Luigi Donie
Jamila and the President,2009,Ratna Sarumpaet
Pocong Setan Jompo,2009,Findo Purwono
Romeo Juliet,2009,Andibachtiar Yusuf
Susuk Pocong,2009,Findo Purwono
Satu Rumpun?,2009,Arci Fadillah
Red and White,2009,Yadi Sugandi
Capres: Calo Presiden,2009,Toto Hoedi
Garuda di Dadaku,2009,Ifa Isfansyah
Janda Kembang,2009,Lakonde
When Love Hymn,2009,Chaerul Umam
Pocong Kamar Sebelah,2009,Nayato Fio Nuala
Queen Bee,2009,Fajar Nugros
Rasa,2009,Charles Gozali
Virgin 2: Bukan Film Porno,2009,Nayato Fio Nuala
Macabre,2009,Kimo Stamboel
Chased by Satan,2009,Harry Suharyadi
Hantu Rumah Ampera,2009,Rudy Soedjarwo
King,2009,Ari Sihasale
Paku Kuntilanak,2009,Findo Purwono
Punk in Love,2009,Ody C. Harahap
The Tarix Jabrix 2,2009,Iqbal Rais
Krazy Crazy Krezy...,2009,Rako Prijanto
Kutukan Suster Ngesot,2009,David Purnomo
Mau Dong... Ah,2009,Christian Pauli
Preman in Love,2009,Rako Prijanto
The Maling Kuburans,2009,Dwi Ilalang
Darah Perawan Bulan Madu,2009,Hartawan Triguna
Identitas,2009,Aria Kusumadewa
Kata Maaf Terakhir,2009,Maruli Ara
Keramat,2009,Monty Tiwa
Cin(T)a,2009,Sammaria Simanjuntak
When Love Hymn 2,2009,Chaerul Umam
Maling Kutang,2009,Rako Prijanto
Pocong Jalan Blora,2009,Nayato Fio Nuala
The Police,2009,A. Leung Wong
Kembang perawan,2009,Joko Nugroho
Get Married 2,2009,Hanung Bramantyo
Nazar,2009,Sofyan D. Surza
Perjaka Terakhir,2009,Arie Azis
Putih Abu-Abu dan Sepatu Kets,2009,Nayato Fio Nuala
Selendang Rocker,2009,Awi Suryadi
Serigala Terakhir,2009,Upi Avianto
Ai Lop Yu Pul,2009,Winaldha E. Melalatoa
Air Terjun Pengantin,2009,Rizal Mantovani
Emak Ingin Naik Haji,2009,Aditya Gumay
Heart-Break.com,2009,Affandi Abdul Rachman
Jeritan Kuntilanak,2009,Nayato Fio Nuala
Ruma Maida,2009,Teddy Soeriaatmadja
Hantu Binal Jembatan Semanggi,2009,Gunung Nusa Pelita
Bukan Malin Kundang,2009,Iqbal Rais
Mata pena mata hati Raja Ali Haji,2009,Gunawan Paggaru
The Dreamer,2009,Riri Riza
XXL: Double Extra Large,2009,Ivander Tedjasukmana
Suster Keramas,2009,Helfi C.H. Kardit
Di Atas Kanvas Cinta,2009,Damien Dematra
Perampok ulung,2009,Marjito Iskandar Tri Gunawan
Dikejar Setan:Chased by Satan,2009,Harry Suharyadi
Days for Amanda,2010,Angga Dwimas Sasongko
Di Dasar Segalanya,2010,Paul Agusta
18+: True Love Never Dies,2010,Nayato Fio Nuala
Hantu Puncak Datang Bulan,2010,Steady Rimba
Jinx,2010,Muhammad Yusuf
Arisan Brondong,2010,Helfi C.H. Kardit
Bidadari Jakarta,2010,Nanang Istiabudi
Jejak Darah,2010,Nur Hidayat
Love in Perth,2010,Findo Purwono
Ngebut Kawin,2010,Guntur Soeharjanto
Red and White II: Blood of Eagles,2010,Conor Allyn
Affair,2010,Nayato Fio Nuala
Bahwa cinta itu ada,2010,Sujiwo Tejo
Belum Cukup Umur,2010,Nayato Fio Nuala
Di bawah langit,2010,Opick
Raped by Saitan (Diperkosa Setan),2010,Petruska Karangan
Bebek Belur,2010,Adrianto Sinaga
Cinta 2 Hati,2010,Benni Setiawan
Dendam Pocong Mupeng,2010,Steady Rimba
Kain Kafan Perawan,2010,Nayato Fio Nuala
Love and Edelweiss,2010,Anto Tanjung
Pemburu Hantu: The Movie,2010,Alamsyah
SKJ: Seleb Kota Jogja,2010,Lakonde
Sst... Jadikan Aku Simpanan,2010,Hanny Saputra
Te[rekam],2010,Nayato Fio Nuala
The God Babe,2010,Arie Azis
The Sexy City,2010,Helfi C.H. Kardit
Tiran: Mati di Ranjang,2010,Arie Azis
Toilet 105,2010,Hartawan Triguna
Menculik Miyabi,2010,Findo Purwono
Taring,2010,Rizal Mantovani
Akibat Pergaulan Bebas,2010,Nayato Fio Nuala
Alangkah Lucunya (Negeri Ini),2010,Deddy Mizwar
Demi Dewi,2010,Charles Gozali
Menebus Impian,2010,Hanung Bramantyo
Ratu KostMopolitan,2010,Ody C. Harahap
Roman Picisan,2010,Rako Prijanto
Tanah Air Beta,2010,Ari Sihasale
Sunday Morning in Victoria Park,2010,Lola Amaria
Obama Anak Menteng,2010,John de Rantau
"3 Hati, Dua Dunia, Satu Cinta",2010,Benni Setiawan
Not for Sale,2010,Nayato Fio Nuala
Pocong Keliling,2010,Viva Westi
Red CobeX,2010,Upi Avianto
Istri Bo'ongan,2010,Arie Azis
Laskar cilik,2010,Subakti Is
Melodi,2010,Harry Suharyadi
Rayuan Arwah Penasaran,2010,Ferry Ipey Assad
Sehidup (Tak) Semati,2010,Iqbal Rais
D'Love,2010,Helfi C.H. Kardit
I Know What You Did on Facebook,2010,Awi Suryadi
Nakalnya Anak Muda,2010,Nayato Fio Nuala
Pengantin Topeng,2010,Awi Suryadi
Dawai 2 Asmara,2010,Asep Kusdinar
Selimut Berdarah,2010,Ferry Ipey Assad
Time,2010,Toto Hoedi
Laskar Pemimpi,2010,Monty Tiwa
"Lihat Boleh, Pegang Jangan",2010,Findo Purwono
Pengantin Pantai Biru,2010,Nayato Fio Nuala
Perjaka Terakhir 2,2010,Jacky
Pocong Jumat Kliwon,2010,Nayato Fio Nuala
Rintihan Kuntilanak Perawan,2010,Yoyok Subagyo
Sang Pencerah,2010,Hanung Bramantyo
Satu Jam Saja,2010,Ario Rubbik
Sweetheart,2010,Hanny Saputra
Madame X,2010,Lucky Kuswandi
Aku atau Dia?,2010,Affandi Abdul Rachman
Gaby dan Lagunya,2010,Nayato Fio Nuala
Heart 2 Heart,2010,Nayato Fio Nuala
Mafia Insyaf,2010,Otoy Witoyo
Rokkap,2010,Hendra Arifin Hutapea
Senggol Bacok,2010,Iqbal Rais
Horror in Facebook,2010,Helfi C.H. Kardit
Hantu Tanah Kusir,2010,Findo Purwono
London Virginia,2010,Cheverly Amalia
Pengakuan Seorang Pelacur,2010,Andrew Timothy
Pengantin Sunat,2010,Rako Prijanto
Susah Jaga Keperawanan di Jakarta,2010,Joko Nugroho
3 Pejantan Tanggung,2010,Iqbal Rais
"Cin... Tetangga Gue, Kuntilanak!",2010,Yan Senjaya
In the Niche of Love,2010,Habiburrahman El Shirazy
Kabayan Jadi Milyuner,2010,Guntur Soeharjanto
Pocong Rumah Angker,2010,Nayato Fio Nuala
Jakarta Twilight,2010,Salman Aristo
Pliss Deh Jangan Lebay,2010,Thaleb Wirachman
"7 Hati, 7 Cinta, 7 Wanita",2010,Robby Ertanto
Sarinah,2011,Karr Kwee
Anakluh,2011,Edward Sirait
Baik-Baik Sayang,2011,Somad Sutedja
Khalifah,2011,Nurman Hakim
Cewek Gokil,2011,Rizal Mantovani
Pelukan Janda Hantu Gerondong,2011,Helfi C.H. Kardit
Love Story,2011,Hanny Saputra
Arwah Goyang Karawang,2011,Helfi C.H. Kardit
Jenglot Pantai Selatan,2011,Rizal Mantovani
Rindu purnama,2011,Mathias Muchus
Badai di Ujung Negeri,2011,Agung Sentausa
The Raid: Redemption,2011,Gareth Evans
Belkibolang,2011,Edwin
Cewek Saweran,2011,Eddie Cahyono
Dedemit Gunung Kidul,2011,Yoyok Subagyo
Lost in Papua,2011,Irham Acho Bahtiar
Misteri Hantu Selular,2011,Indra Tirtana
Oh Tidak..!,2011,Ardy Octaviand
Pocong Ngesot,2011,Nayato Fio Nuala
The House Without a Window,2011,Aditya Gumay
Skandal,2011,Jose Poernomo
Tebus,2011,Muhammad Yusuf
Virgin 3: Satu Malam Mengubah Segalanya,2011,Nayato Fio Nuala
The Mirror Never Lies,2011,Kamila Andini
Red and White III: Hearts of Freedom,2011,Conor Allyn
13 Cara Memanggil Setan,2011,A. Liong Wong
Question Mark,2011,Hanung Bramantyo
Kuntilanak Kesurupan,2011,Nayato Fio Nuala
Ghost Shower Rocking Hips,2011,Yoyok Subagyo
Si Anak Kampoeng,2011,Damien Dematra
Suster Keramas 2,2011,Findo Purwono
Si Anak Kampoeng (the Village Boy),2011,Damien Dematra
L4 Lupus,2011,Damien Dematra
Lima Elang,2011,Rudy Soedjarwo
Garuda di Dadaku 2,2011,Rudy Soedjarwo
The Dancer,2011,Ifa Isfansyah
"Mama, Aku Harus Pergi",2011,Natasha Dematra
Catatan (Harian) Si Boy,2011,Putrama Tuta
Akibat Pergaulan Bebas 2,2011,Findo Purwono
Batas,2011,Rudy Soedjarwo
Cowok Bikin Pusing,2011,Winalda E.
Under the Protection of Ka'bah,2011,Hanny Saputra
Pupus,2011,Rizal Mantovani
Purple Love,2011,Guntur Soeharjanto
Ada Apa dengan Pocong?,2011,Nayato Fio Nuala
Kentut,2011,Aria Kusumadewa
Milli & Nathan,2011,Hanny Saputra
Pelet Kuntilanak,2011,Nayato Fio Nuala
The Beetle Soldiers,2011,Ari Sihasale
The Tarix Jabrix 3,2011,Iqbal Rais
Dilema,2011,Adilla Dimitri
Lovely Man,2011,Teddy Soeriaatmadja
The Mentalist,2011,Walmer Sitohang
Get Married 3,2011,Monty Tiwa
Kejarlah Jodoh Kau Kutangkap,2011,Indrayanto Kurniawan
Kepergok Pocong,2011,Nayato Fio Nuala
Diaries of Letters to God,2011,Harris Nizam
A Kick from the Sky,2011,Hanung Bramantyo
True Love,2011,Dedi Setiadi
Tumbal Jailangkung,2011,Nayato Fio Nuala
The Gathering! 2,2011,Nia Di Nata
Keranda Kuntilanak,2011,Nayato Fio Nuala
Masih Bukan Cinta Biasa,2011,Benni Setiawan
Mati Muda di Pelukan Janda,2011,Helfi C.H. Kardit
Tarung: City of the Darkness,2011,Nayato Fio Nuala
Arwah Kuntilanak Duyung,2011,Yoyok Subagyo
"Dad, Why Am I Different?",2011,Findo Purwono
Bukan Pocong Biasa,2011,Nayato Fio Nuala
Euphoria,2011,Pandu Birantoro
Hafalan Shalat Delisa,2011,Soni Gaokasak
Kalung Jailangkung,2011,Nayato Fio Nuala
Kehormatan di Balik Kerudung,2011,Tya Subiakto Satrio
Langit Biru,2011,Lasja Fauzia
Mudik lebaran,2011,Muchyar Syamas
My Blackberry Girlfriend,2011,Findo Purwono
Pacar Hantu Perawan,2011,Yoyok Subagyo
Pengejar Angin,2011,Hanung Bramantyo
Perempuan² Liar,2011,Rako Prijanto
Pocong Kesetanan!,2011,Nayato Fio Nuala
Pocong Minta Kawin,2011,Nayato Fio Nuala
Poconggg Juga Pocong,2011,Nayato Fio Nuala
Sajadah Ka'bah,2011,Rhoma Irama
Semesta Mendukung,2011,John de Rantau
Setannya Kok Masih Ada,2011,Muchyar Syamas
The Perfect House,2011,Affandi Abdul Rachman
X - The Last Moment,2011,Bambi Martantio
Anjing Hutan,2011,Pandu Adjisurya
Laskar anak Palau,2011,Aris Satra
18++: Forever Love,2012,Nayato Fio Nuala
Penganten Pocong,2012,Arie Azis
Potong Bebek Angsa,2012,Alyandra
Mama Minta Pulsa,2012,Nuri Dahlia
Postcards from the Zoo,2012,Edwin
Pulau Hantu 3,2012,Jose Poernomo
Ummi Aminah,2012,Aditya Gumay
Xia aimei,2012,Alyandra
My Last Love,2012,Nayato Fio Nuala
Kafan Sundel Bolong,2012,Yoyok Subagyo
Mother Keder: Emakku Ajaib Bener,2012,Eko Nobel
"Sule, Ay Need You",2012,Cuk Fk
Parts of the Heart,2012,Paul Agusta
3 Pocong Idiot,2012,Nayato Fio Nuala
"Bring Me the Moon, Mom",2012,Ifa Isfansyah
Bila,2012,Nayato Fio Nuala
BrokenHearts,2012,Helfi C.H. Kardit
Cinta di Saku Celana,2012,Fajar Nugros
Di Timur Matahari,2012,Ari Sihasale
Negeri 5 Menara,2012,Affandi Abdul Rachman
An Angel Without Wings,2012,Rako Prijanto
Republic of Twitter,2012,Kuntz Agus
Rumah Hantu Pasar Malam,2012,Arie Azis
Soegija,2012,Garin Nugroho
Seandainya,2012,Nayato Fio Nuala
Keumala,2012,Andi Pulung Waluyo
Santet Kuntilanak,2012,Nayato Fio Nuala
Hi5teria,2012,Harvan Agustriansyah
Cherrybelle: Love Is U,2012,Hanny Saputra
Bangkit dari Kubur,2012,Nayato Fio Nuala
The Blindfold,2012,Garin Nugroho
Enak Sama Enak,2012,Nayato Fio Nuala
Kung Fu Pocong Perawan,2012,Yoyok Subagyo
Sanubari Jakarta,2012,Lola Amaria
Kuntilanak-Kuntilanak,2012,Nayato Fio Nuala
Nenek Gayung,2012,Nuri Dahlia
Peculiar Vacation and Other Illnesses,2012,Yosep Anggi Noen
Jenderal Kancil: The Movie,2012,Harry Suharyadi
Brandal-Brandal Ciliwung,2012,Guntur Soeharjanto
Tanah Surga... Katanya,2012,Herwin Novianto
Paper Boat,2012,Hanung Bramantyo
Kakek Cangkul,2012,Nuri Dahlia
Hattrick,2012,Robert Ronny
Rumah Bekas Kuburan,2012,Irwan Siregar
Sampai Ujung Dunia,2012,Monty Tiwa
Belenggu,2012,Upi Avianto
Rumah di Seribu Ombak,2012,Erwin Arnada
Petualangan Singa Pemberani,2012,Lee Croudy
Test Pack,2012,Monty Tiwa
Mama Cake,2012,Anggy Umbara
Radio Galau FM,2012,Iqbal Rais
Fallin' in Love,2012,Findo Purwono
"Rayya, Cahaya di Atas Cahaya",2012,Viva Westi
Kutukan Arwah Santet,2012,Hanny Mustofa
Misteri Pasar Kaget,2012,Wimbadi J.P.
Rumah Kentang,2012,Jose Poernomo
Loe Gue End,2012,Awi Suryadi
Atambua 39° Celsius,2012,Riri Riza
Rumah dan Musim Hujan,2012,Ifa Isfansyah
Nagasari,2012,Christopher Hanno
Habibie & Ainun,2012,Faozan Rizal
Paper Boat 2,2012,Hanung Bramantyo
Bangkitnya Suster Gepeng,2012,K. Team
Stepping on the Flying Grass,2012,Eugene Panji
Pacarku Kuntilanak Kembar,2012,Nuri Dahlia
Tali Pocong Perawan 2,2012,Volkan Maida
5 cm,2012,Rizal Mantovani
Dendam dari Kuburan,2012,Nayato Fio Nuala
Bidadari-Bidadari Surga,2012,Soni Gaokasak
Pasukan Kapiten,2012,Rudy Soedjarwo
Hello Goodbye,2012,Titien Wattimena
Cinta Tapi Beda,2012,Hanung Bramantyo
Cinta Suci Zahrana,2012,Chaerul Umam
The House at a Thousand Waves,2012,Erwin Arnada
I Love You Masbro,2012,Raymond Handaya
Toilet Blues,2012,Dirmawan Hatta
Sang Martir,2012,Helfi C.H. Kardit
Demi Ucok,2012,Sammaria Simanjuntak
Langit Ke-7,2012,Rudy Soedjarwo
Hati Ke Hati,2013,Reka Wijaya
Mengejar Setan,2013,Nayato Fio Nuala
Make Money,2013,Sean Monteiro
Bangkit dari Lumpur,2013,Irwan Ibon Baihaki
Slank Nggak Ada Matinya,2013,Fajar Bustomi
Taman Lawang,2013,Aditya Gumay
3 Cewek Petualang,2013,Chiska Doppert
Kerasukan,2013,Chiska Doppert
Isyarat,2013,Adhyatmika
Di Sini Ada Yang Mati,2013,Nayato Fio Nuala
Nightmare Side,2013,Intan Rizky Mutiaz
Adriana,2013,Fajar Nugros
The Grudge of Rell Bintaro's Soul,2013,Wisnu Kuncoro
Innocence,2013,Hilary Brougher
Go Eight,2013,Andibachtiar Yusuf
Sang Pialang,2013,Asad Amar
What They Don't Talk About When They Talk About Love,2013,Mouly Surya
Something in the Way,2013,Teddy Soeriaatmadja
Mika,2013,Lasja Fauzia
Air Terjun Pengantin Phuket,2013,Rizal Mantovani
True Heart,2013,Ismail Sofyan Sani
Rectoverso,2013,Olga Lydia
Operation Wedding,2013,Monty Tiwa
Cipularang's Mystery,2013,Dede Ferdinand
The Empire's Throne,2013,Nirattisai Kaljareuk
Sule Detektif Tokek,2013,Reka Wijaya
Hasduk Berpola,2013,Harris Nizam
KM 97,2013,Jose Poernomo
Madre,2013,Benni Setiawan
Tampan Tailor,2013,Guntur Soeharjanto
Bangun Lagi Dong Lupus,2013,Benni Setiawan
Pokun Roxy,2013,Boy Rano
Finding Srimulat,2013,Charles Gozali
Mursala,2013,Viva Westi
Kisah 3 Titik,2013,Bobby Prabowo
Someone's Wife in the Boat of Someone's Husband,2013,Edwin
308,2013,Jose Poernomo
The Robbers,2013,Hanung Bramantyo
Cinta Brontosaurus,2013,Fajar Nugros
Kembalinya Nenek Gayung,2013,Shakuntala
Coboy Junior: The Movie,2013,Anggy Umbara
The Clerics,2013,Rako Prijanto
Cinta Dalam Kardus,2013,Salman Aristo
Cinta dari Wamena,2013,Lasja Fauzia
Jokowi,2013,Azhar Kinoi Lubis
Soekarno,2013,Hanung Bramantyo
Bismillah Aku Mencintaimu,2013,Asep Kusdinar
La tahzan,2013,Danial Rifki
Berlian Si Etty,2013,Dimas Adi Pratama
"Hope God Loves You, Mom",2013,Jose Poernomo
Romantini,2013,Monty Tiwa
Get M4rried,2013,Monty Tiwa
Wanita Tetap Wanita,2013,Irwansyah
Tiga sekawan: Iiih... hantu...!,2013,Ivan Alvameiz
The Legend of Trio Macan,2013,Billy Christian
Tak Sempurna,2013,Herman Panca
Rocket Rain,2013,Anggun Priambodo
Optatissimus,2013,Dirmawan Hatta
Leher Angsa,2013,Ari Sihasale
Half Past Love,2013,Ody C. Harahap
Refrain,2013,Fajar Nugros
Sokola Rimba,2013,Riri Riza
Salisiah Adaik,2013,Ferdinand Almi
99 Cahaya di Langit Eropa,2013,Guntur Soeharjanto
Manusia Setengah Salmon,2013,Herdanius Larobu
Kemasukan Setan,2013,Muhammad Yusuf
Laura & Marsha,2013,Dinna Jasanti
Air Mata Terakhir Bunda,2013,Endri Pelita
Honeymoon,2013,Findo Purwono
Crazy Love,2013,Guntur Soeharjanto
Mantan Terindah,2014,Farishad I. Latjuba
7 Misi Rahasia Sophie,2014,Billy Christian
Hantu Pohon Boneka,2014,Nayato Fio Nuala
Tumbal 97,2014,Hanny Mustofa
Bajaj Bajuri the Movie,2014,Fajar Nugros
Kamar 207,2014,Chiska Doppert
After School Horror,2014,Nayato Fio Nuala
17 Tahun Ke Atas,2014,Nayato Fio Nuala
Hantu Merah Casablanca,2014,Dedy Mercy
Para Pemburu Gajah,2014,Hermawan Rianto
The Raid 2,2014,Gareth Evans
Legend of the East,2014,Nirattisai Kaljareuk
12 Menit,2014,Hanny Saputra
"The Sun, the Moon, & the Hurricane",2014,Andri Cung
Cherrybelle: Crush,2014,Rizal Mantovani
Suka-Suka Super 7: Habis Gelap Menuju Terang,2014,Geri Busye
Comic 8,2014,Anggy Umbara
Lembur,2014,Hanny Mustofa
Street Society,2014,Awi Suryadi
2014,2014,Hanung Bramantyo
Oo Nina Bobo,2014,Jose Poernomo
3 Nafas Likas,2014,Rako Prijanto
Mall Klender,2014,David Purnomo
Tabula Rasa,2014,Adriyanto Dewo
Hijabers in Love,2014,Ario Rubbik
In the Absence of the Sun,2014,Lucky Kuswandi
We Are Moluccans,2014,Angga Dwimas Sasongko
Mari Lari,2014,Delon Tio
Hijrah Cinta,2014,Alfie Alfandi
Rumah Gurita,2014,Jose Poernomo
Siti,2014,Eddie Cahyono
Supernova,2014,Rizal Mantovani
Golden Cane Warrior,2014,Ifa Isfansyah
7 Hari 24 Jam,2014,Fajar Nugros
Runaway,2014,Guntur Soeharjanto
I You & KUA,2014,Monty Tiwa
Unlimited Love,2014,Haryanto Corakh
3600 Detik,2014,Nayato Fio Nuala
Ma'rifat Cinta,2014,Fernes Feriana
Mentari Dari Kurau,2014,Revo Rurut
Merry Riana: Mimpi Sejuta Dolar,2014,Hestu Saputra
Tak Kemal Maka Tak Sayang,2014,Fajar Bustomi
Angker,2014,Muhammad Yusuf
Pink Guinea Pig,2014,Raditya Dika
Assalamualaikum Beijing,2014,Guntur Soeharjanto
My Idiot Brother,2014,Alyandra
Remember When,2014,Fajar Bustomi
Kukejar Cinta ke Negeri Cina,2014,Fajar Bustomi
Seputih Cinta Melati,2014,Ari Sihasale
Strawberry Surprise,2014,Hanny Saputra
Danau Hitam,2014,Jose Poernomo
Negeri Tanpa Telinga,2014,Lola Amaria
Viva JKT48,2014,Awi Suryadi
Haji Backpacker,2014,Danial Rifki
Olga & Billy Lost in Singapore,2014,Ronny Mepet
Malam Minggu Miko Movie,2014,Raditya Dika
99 Cahaya di Langit Eropa Part 2,2014,Guntur Soeharjanto
Jokowi Adalah Kita,2014,Ronny Mepet
Erau Kota Raja,2015,Bambang Drias
Takut: Tujuh Hari Bersama Setan,2015,Nayato Fio Nuala
Palasik,2015,Dedy Mercy
Penghuni Lain,2015,Roman Malik
Tes Nyali,2015,Vijei Alfajr
Catatan Akhir Kuliah,2015,Jay Sukmo
LDR,2015,Guntur Soeharjanto
LDR 2: Where Is My Romeo,2015,Guntur Soeharjanto
Three Ladies,2015,Ardy Octaviand
99% Muhrim: Get Married 5,2015,Fajar Bustomi
Air Mata Surga,2015,Hestu Saputra
Si Jago Merah 2: Air & Api,2015,Raymond Handaya
Komedi Moderen Gokil,2015,Cuk Fk
Horror House,2015,Nayato Fio Nuala
Bidadari Terakhir,2015,Awi Suryadi
Miracle: Jatuh dari Surga,2015,Wisnu Adi
Hagesu (Hantu Gendong Susu),2015,Dedy Mercy
Kastil Tua,2015,Chiska Doppert
Dejavu: Ajian Puter Giling,2015,Hanny Saputra
Kesurupan Jumat Kliwon,2015,George Hutabarat
Relationshit,2015,Herdanius Larobu
Youtubers,2015,Jovial Da Lopez
Anak Kos Dodol,2015,Eman Pradipta
Cabe-Cabean,2015,Endri Pelita
November Tenth,2015,Aryanto Yuniawan
Sagarmatha,2015,Emil Heradi
Midnight,2015,Cuk Fk
Love & Faith,2015,Benni Setiawan
Pizza Man,2015,Ceppy Gober
When Will You Get Married?,2015,Ody C. Harahap
Tuyul: Part 1,2015,Billy Christian
Tarot,2015,Jose Poernomo
From Seoul to Jakarta,2015,Damien Dematra
Negeri Van Oranje,2015,Endri Pelita
Filosofi Kopi,2015,Angga Dwimas Sasongko
Another Trip to the Moon,2015,Ismail Basbeth
Jakarta Ghost Seeker,2015,Rico M. Bradley
Wewe,2015,Rizal Mantovani
Guru Bangsa Tjokroaminoto,2015,Garin Nugroho
Mencari Hilal,2015,Ismail Basbeth
Clown of the Dead,2015,Awi Suryadi
The Wedding & Bebek Betutu,2015,Hilman Mutasi
A Copy of My Mind,2015,Joko Anwar
Lily Bunga Terakhirku,2015,Indra Birowo
Cinta Selamanya,2015,Fajar Nugros
Comic 8: Casino Kings Part 1,2015,Anggy Umbara
The Heaven None Missed,2015,Kuntz Agus
Cai Lan Gong,2015,David Purnomo
Single,2015,Raditya Dika
Bulan Terbelah di Langit Amerika,2015,Rizal Mantovani
"3: Alif, Lam, Mim",2015,Anggy Umbara
Misterius,2015,Muhammad Yusuf
Segi3Hati,2015,Adi Wijananda
#66,2015,Asun Mawardi
Nay,2015,Djenar Maesa Ayu
SkakMat,2015,Ody C. Harahap
Cakra Buana,2015,Massimo Burhanuddin
Jendral Soedirman,2015,Viva Westi
Sunshine Becomes You,2015,Rocky Soraya
Epen Cupen the Movie,2015,Irham Acho Bahtiar
Rock N Love,2015,Hedy Suryawan
Nada Untuk Asa,2015,Charles Gozali
Melancholy Is A Movement,2015,Richard Oh
About A Woman,2015,Teddy Soeriaatmadja
Turis Romantis,2015,Senoaji Julius
Ayat-Ayat Adinda,2015,Hestu Saputra
Hijab,2015,Hanung Bramantyo
Ngenest,2015,Ernest Prakasa
Heart Beat,2015,Hadrah Daeng Ratu
Toba Dreams,2015,Benni Setiawan
Gangster,2015,Fajar Nugros
Magic Hour,2015,Asep Kusdinar
Love You... Love You Not,2015,Sridhar Jetty
Behind 98,2015,Lukman Sardi
Kakak,2015,Ivander Tedjasukmana
CJR the Movie: Lawan Rasa Takutmu,2015,Patrick Effendy
Black Honeymoon,2015,Hengky Kurniawan Chova
Warisan Olga,2015,Raymond Handaya
Ada Surga di Rumahmu,2015,Aditya Gumay
Garuda Superhero,2015,X. Jo
Romeo + Rinjani,2015,Fajar Bustomi
Tausiyah Cinta,2016,Humar Hadi
Romansa: Gending Cinta di Tanah Turki,2016,Bambang Drias
Juara,2016,Charles Gozali
Jilbab Traveler: Love Sparks in Korea,2016,Guntur Soeharjanto
Wa'alaikumussalam Paris,2016,Benni Setiawan
Hantu Cantik Kok Ngompol,2016,Emil G. Hampp
Dilarang Masuk!,2016,Nayato Fio Nuala
London Love Story,2016,Asep Kusdinar
Komedi Gokil 2,2016,Cuk Fk
Dreams,2016,Guntur Soeharjanto
Melbourne Rewind,2016,Danial Rifki
Ada Cinta Di SMA,2016,Patrick Effendy
#Modus,2016,Fajar Bustomi
Sawadikap,2016,Andreas Sullivan
Rumah Pasung,2016,Nayato Fio Nuala
Raksasa Dari Jogja,2016,Monty Tiwa
Surat Untukmu,2016,Harris Nizam
Untuk Angeline,2016,Jito Banyu
Cahaya Cinta Pesantren,2016,Raymond Handaya
Midnight Show,2016,Ginanti Rona Tembang Sari
Adrenaline,2016,Dwi Ilalang
Flutter Echoes and Notes Concerning Nature,2016,Amir Pohan
My Journey: Mencari Mata Air,2016,Joko Nugroho
Comic 8: Casino Kings Part 2,2016,Anggy Umbara
Stay with Me,2016,Rudy Soedjarwo
Headshot,2016,Kimo Stamboel
Super Didi,2016,Hadrah Daeng Ratu
Iseng,2016,Adrian Tang
Talak 3,2016,Ismail Basbeth
My Stupid Boss,2016,Upi Avianto
The Window,2016,Nurman Hakim
Algojo: Perang Santet,2016,Rudy Soedjarwo
Sabtu Bersama Bapak,2016,Monty Tiwa
Kurung Manuk (Bird Cage),2016,Sigit Pradityo
Ketika Mas Gagah Pergi the Movie,2016,Firman Syah
Sundul Gan: The Story of Kaskus,2016,Naya Anindita
Indera ke Enam,2016,Wisnu Kuncoro
What's Up with Cinta 2,2016,Riri Riza
Triangle the Dark Side,2016,Deddy Corbuzier
Jagoan Instan,2016,Fajar Bustomi
The Professionals,2016,Affandi Abdul Rachman
The Postman and Kartini,2016,Azhar Kinoi Lubis
Koala Kumal,2016,Raditya Dika
Firegate,2016,Rizal Mantovani
Uang Panai' Maha(r)l,2016,Halim Gani Safia Asril Sani
Rudy Habibie,2016,Hanung Bramantyo
Warkop DKI Reborn: Jangkrik Boss Part 1,2016,Anggy Umbara
Terpana,2016,Richard Oh
ILY from 38.000 Ft,2016,Asep Kusdinar
I Am Hope,2016,Adilla Dimitri
Emma' (Mother),2016,Riri Riza
3 Srikandi,2016,Iman Brotoseno
The Doll,2016,Rocky Soraya
Letters from Prague,2016,Angga Dwimas Sasongko
The Promise,2016,Bambang Drias
Cado Cado: Doctor 101,2016,Ifa Isfansyah
Ini Kisah Tiga Dara,2016,Nia Di Nata
Gila Jiwa: Illogically Sane,2016,Ria Irawan
Bulan Terbelah di Langit Amerika 2,2016,Rizal Mantovani
Rumah Malaikat,2016,Billy Christian
Ah... I'm Falling in Love,2016,Garin Nugroho
Hangout,2016,Raditya Dika
Check Store Next Door,2016,Ernest Prakasa
Sunya,2016,Hari Suhariyadi
Pesantren Impian,2016,Ifa Isfansyah
Jingga,2016,Lola Amaria
The Fabulous Udin,2016,Herdanius Larobu
Dear Love,2016,Dedy Syah
Nyai: A Woman from Java,2016,Garin Nugroho
Apakah Cinta Sudah Mati,2016,Jeremy Ivander
Me vs. Mami,2016,Ody C. Harahap
Shy Shy Cat,2016,Monty Tiwa
Pinky Promise,2016,Guntur Soeharjanto
Turah,2016,Wicaksono Wisnu Legowo
Winter in Tokyo,2016,Fajar Bustomi
Senjakala di Manado,2016,Ray Sahetapy
Cinta Laki-Laki Biasa,2016,Guntur Soeharjanto
Ziarah,2016,B.W. Purba Negara
Aku Ingin Ibu Pulang,2016,Monty Tiwa
Aisyah: Biarkan Kami Bersaudara,2016,Herwin Novianto
Bangkit!,2016,Rako Prijanto
Wonderful Life,2016,Agus Makkie
Pasukan Garuda: I Leave My Heart in Lebanon,2016,Benni Setiawan
5 Cowok Jagoan: Rise of the Zombies,2017,Anggy Umbara
Hantu Jeruk Purut Reborn,2017,Nayato Fio Nuala
Iqro: Petualangan Meraih Bintang,2017,Iqbal Alfajri
London Love Story 2,2017,Asep Kusdinar
Security Ugal-Ugalan,2017,Irham Acho Bahtiar
Promise,2017,Asep Kusdinar
Mars Met Venus (Part Cowo),2017,Hadrah Daeng Ratu
Naura & the Champions,2017,Eugene Panji
10: The Secret Mission,2017,Helfi C.H. Kardit
Zodiac: Apa Bintangmu?,2017,Dinna Jasanti
Valentine,2017,Agus Hermansyah Mawardy
Moammar Emka's Jakarta Undercover,2017,Fajar Nugros
Snakes & Ladder,2017,Arie Azis
Kartini: Princess of Java,2017,Hanung Bramantyo
Marlina the Murderer in Four Acts,2017,Mouly Surya
The Heaven None Missed 2,2017,Hanung Bramantyo
Mantan,2017,Svetlana Dea
BFF Best Friends Forever,2017,Estelle Linden
The Doll 2,2017,Rocky Soraya
Critical Eleven,2017,Robert Ronny
Demi Cinta,2017,Azhar Kinoi Lubis
Galih dan Ratna,2017,Lucky Kuswandi
Danur,2017,Awi Suryadi
"Trinity, The Nekad Traveler",2017,Rizal Mantovani
The Curse,2017,Muhammad Yusuf
Bukaan 8,2017,Angga Dwimas Sasongko
Pertaruhan,2017,Krishto D. Alam
The 3rd Eye,2017,Rocky Soraya
Perfect Dream,2017,Hestu Saputra
The Guys,2017,Raditya Dika
Mars Met Venus (Part Cewe),2017,Hadrah Daeng Ratu
Night Bus,2017,Emil Heradi
Labuan Hati,2017,Lola Amaria
A Diary of Letters to God,2017,Fajar Bustomi
Rafathar,2017,Bounty Umbara
Baracas: Barisan Anti Cinta Asmara,2017,Pidi Baiq
The Carousel Never Stops Turning,2017,Ismail Basbeth
Sweet Twenty,2017,Ody C. Harahap
Jailangkung,2017,Rizal Mantovani
Satan's Slaves,2017,Joko Anwar
Dear Nathan,2017,Indra Gunawan
Insya Allah Sah,2017,Benni Setiawan
Stip & Pensil,2017,Ardy Octaviand
"A: Me, Hate and Love",2017,Rizki Balki
Verses of Love 2,2017,Guntur Soeharjanto
Filosofi Kopi 2: Ben & Jody,2017,Angga Dwimas Sasongko
Berangkat!,2017,Naya Anindita
The Underdogs,2017,Adink Liwutang
12:06 Rumah Kucing,2017,Chiska Doppert
Warkop DKI Reborn: Jangkrik Boss Part 2,2017,Anggy Umbara
Hide and Seek Minako,2017,Billy Christian
The Seen and Unseen,2017,Kamila Andini
Silariang the Movie,2017,Wisnu Adi
Jomblo,2017,Hanung Bramantyo
Ruqyah: The Exorcism,2017,Jose Poernomo
Duka Sedalam Cinta,2017,Firman Syah
Suhu Beku: The Movie,2017,Rusmin Nuryadin
Hantu Gunung Kawi,2017,Nayato Fio Nuala
After School Horror 2,2017,Nayato Fio Nuala
Gasing Tengkorak,2017,Jose Poernomo
Keluarga Tak Kasat Mata,2017,Hedy Suryawan
They Who Are Not Seen,2017,Billy Christian
One Fine Day,2017,Asep Kusdinar
KAILI: Karena Aku Ingin Kembali,2017,Andi Syahwal Mattuju
Possesive,2017,Edwin
Si Juki,2017,Faza Meonk
Surat Cinta Untuk Starla the Movie,2017,Rudi Aryanto
Wage,2017,John de Rantau
Hujan Bulan Juni,2017,Hestu Saputra
My Generation,2017,Upi Avianto
Chrisye,2017,Rizal Mantovani
Satu Hari Nanti,2017,Salman Aristo
Susah Sinyal,2017,Ernest Prakasa
Mooncake Story,2017,Garin Nugroho
Merah Putih Memanggil,2017,Mirwan Suwarso
Posesif,2017,NA
Membabi Buta,2017,Joel Fadli
Suami Untuk Mak,2017,Yosua Rocky
Satria Heroes: Revenge of the Darkness,2017,Kenzô Maihara
Mau Jadi Apa?,2017,Soleh Solihun
5 PM (Lima Penjuru Masjid),2018,Humar Hadi
Villa Berdarah,2018,Bambang Drias
Baby Occult: Baby Tumbal Baby Die,2018,Rizal Mantovani
Nini Thowok,2018,Erwin Arnada
Assalamualaikum Calon Imam,2018,Findo Purwono
EL: The Movie,2018,Findo Purwono
Mata Dewa,2018,Andibachtiar Yusuf
Kembang Kantil,2018,Ubay Fox
London Love Story 3,2018,Asep Kusdinar
Seruan Setan,2018,Findo Purwono
Hong Kong Runaway,2018,Eric Satyo
The Secret: Suster Ngesot Urban Legend,2018,Raffi Ahmad
Get Lost: Urban Legend di Benteng Pendem,2018,Chiska Doppert
If This Is My Story,2018,Djenar Maesa Ayu
"Love Reborn: Comics, Music & Stories of the Past",2018,Jay Sukmo
Maipa Deapati & Datu Museng (The Hero,2018,Rere Art2tonic
Message Man,2018,Corey Pearson
Rumah Belanda,2018,Hedy Suryawan
Pai kau,2018,Sidi Saleh
The Night Comes for Us,2018,Timo Tjahjanto
212 Warrior,2018,Angga Dwimas Sasongko
Daysleepers,2018,Paul Agusta
Buffalo Boys,2018,Mike Wiluan
Skull,2018,Yusron Fuadi
Meet Me After Sunset,2018,Danial Rifki
Tealight,2018,Gemadipada
Dilan 1990,2018,Pidi Baiq
Cemara's Family,2018,Yandy Laurens
Eiffel I'm in Love 2,2018,Rizal Mantovani
Revan & Reina,2018,Andreas Sullivan
Danur 2: Maddah,2018,Awi Suryadi
Sabrina,2018,Rocky Soraya
Yowis Band,2018,Fajar Nugros
Partikelir,2018,Pandji Pragiwaksono
Benyamin the Troublemaker,2018,Hanung Bramantyo
Love for Sale,2018,Andibachtiar Yusuf
Petualangan Menangkap Petir,2018,Kuntz Agus
Kulari ke Pantai,2018,Riri Riza
#FriendsButMarried,2018,Rako Prijanto
Arini,2018,Ismail Basbeth
Moonrise Over Egypt,2018,Pandu Adi Putra
Kenapa Harus Bule?,2018,Andri Cung
Milly & Mamet,2018,Ernest Prakasa
Alles Goed: From Gunung Kidul to Europe,2018,Wahyu F. Riyanto
Jelita Sejuba: Mencintai Kesatria Negara,2018,Ray Nayoan
Serendipity,2018,Indra Gunawan
Gila Lu Ndro,2018,Herwin Novianto
Terbang: Menembus Langit,2018,Fajar Nugros
Reunion Z,2018,Soleh Solihun
Ananta,2018,Rizki Balki
Offering,2018,Hanny Saputra
Alas Pati: Hutan Mati,2018,Jose Poernomo
The Gift,2018,Hanung Bramantyo
Lima,2018,Harvan Agustriansyah
Target,2018,Raditya Dika
Jailangkung 2,2018,Rizal Mantovani
Insya Allah Sah 2,2018,Anggy Umbara
The Chanting Revisited,2018,Rizal Mantovani
Kafir: A Deal with the Devil,2018,Azhar Kinoi Lubis
Bodyguard Ugal-Ugalan,2018,Irham Acho Bahtiar
Koki-Koki Cilik,2018,Ifa Isfansyah
Rasuk,2018,Ubay Fox
"R: Raja, Ratu, & Rahasia",2018,Findo Purwono
22 Menit,2018,Eugene Panji
Aib #Cyberbully,2018,Damita Argobie
Tumbal: The Ritual,2018,Mawar Eva de Jongh
Si Doel: The Movie,2018,Rano Karno
Dimsum Martabak,2018,Andreas Sullivan
Jaran Goyang,2018,Findo Purwono
Nyanyian Anak,2018,Bayu Oktara
Rocker Balik Kampung,2018,Uli Rahman
Sara & Fei: Stadhuis Schandaal,2018,Adisoerya Abdi
13: The Haunted,2018,Rudy Soedjarwo
DOA (Doyok-Otoy-Ali Oncom): Cari Jodoh,2018,Anggy Umbara
What Lies Within,2018,Rudi Aryanto
May the Devil Take You,2018,Timo Tjahjanto
Kasinem Is Coming,2018,Hasto Broto
Gentayangan,2018,Shyam Ramsay
Rompis,2018,Monty Tiwa
Lost,2018,Sammaria Simanjuntak
"Sultan Agung: Tahta, Perjuangan, Cinta",2018,Hanung Bramantyo
Cinta sama dengan Cindolo Na Tape,2018,Andi Burhamzah
Jejak Cinta,2018,Tarmizi Abka
Bisikan Iblis,2018,Hanny Saputra
Belok Kanan Barcelona,2018,Guntur Soeharjanto
Udah Putusin Aja!,2018,Rolly Subhandani
Aruna & Her Palate,2018,Edwin
Memories of My Body,2018,Garin Nugroho
Something in Between,2018,Asep Kusdinar
Ready Bro!,2018,Ody C. Harahap
Asih,2018,Awi Suryadi
Sakral,2018,Tema Patrosza
Baco Becce,2018,Syahrir Arsyad Dini
Arwah Tumbal Nyai the Trilogy: Part Arwah,2018,Arie Azis
3 Dara 2,2018,Monty Tiwa
Suzzana: Buried Alive,2018,Rocky Soraya
Menunggu Pagi,2018,Teddy Soeriaatmadja
Kesempatan Kedu(d)a,2018,Awi Suryadi
Dancing in the Rain,2018,Rudi Aryanto
Micin Generation,2018,Fajar Nugros
Dear Nathan Hello Salma,2018,Indra Gunawan
Jaga Pocong,2018,Hadrah Daeng Ratu
Asal Kau Bahagia,2018,Rako Prijanto
Keira,2018,Harry Dagoe
The Returning,2018,Witra Asliga
Tujuh Bidadari,2018,Muhammad Yusuf
Hanum & Rangga,2018,Benni Setiawan
Wahana Rumah Hantu,2018,Anto Lupus
A Man Called Ahok,2018,Putrama Tuta
Mama Mama Jagoan,2018,Sidi Saleh
Dongeng Mistis,2018,Orizon Astonia
Ave Maryam,2018,Robby Ertanto
Arwah Tumbal Nyai the Trilogy: Part Nyai,2018,Arie Azis
Namamu Kata Pertamaku,2018,Syahrir Arsyad Dini
Wengi: Anak Mayit,2018,Nayato Fio Nuala
Fit in with the App,2018,Adink Liwutang
Silam,2018,Jose Poernomo
Tusuk Jelangkung di Lubang Buaya,2018,Erwin Arnada
212: The Power of Love,2018,Jastis Arimba
27 Steps of May,2018,Ravi L. Bharwani
Death Whisper,2019,Awi Suryadi
My Stupid Boss 2,2019,Upi Avianto
Suporter Masuk Pesantren,2019,Quraisy Mathar
Humba Dreams,2019,Riri Riza
Bumi Itu Bulat,2019,Ron Widodo
MeloDylan,2019,Fajar Nugros
Mantan Manten,2019,Farishad I. Latjuba
Pocong the Origin,2019,Monty Tiwa
If I Were You,2019,Guntur Soeharjanto
Arwah Noni Belanda,2019,Agus Pestol
Cult,2019,William Chandra
Single 2,2019,Raditya Dika
"Kajeng Kliwon, Nightmare in Bali",2019,Bambang Drias
The Captain,2019,Andrew Lau
Pariban: Idola dari Tanah Jawa,2019,Andibachtiar Yusuf
Sukep: The Movie,2019,Akil Wasa
Ambu,2019,Farid Dermawan
Roh Fasik,2019,Ubay Fox
Jack,2019,Ainun Ridho
The Lawyers: Pokrol Bambu,2019,Dicky Chandra
Kuntilanak 2,2019,Rizal Mantovani
Ghost Writer,2019,Bene Dion Rajagukguk
#Malam Jumat: The Movie,2019,Hadrah Daeng Ratu
Si Doel the Movie 2,2019,Rano Karno
Down Swan,2019,Fuad Akbar
Hit & Run,2019,Ody C. Harahap
Mendadak Kaya,2019,Anggy Umbara
Rumah Kentang: The Beginning,2019,Rizal Mantovani
Susi Susanti: Love All,2019,Sim F.
Mountain Song,2019,Yusuf Radjamuda
Doremi & You,2019,B.W. Purba Negara
Rumah Merah Putih,2019,Ari Sihasale
Koki-Koki Cilik 2,2019,Viva Westi
Sabyan Menjemput Mimpi,2019,Alim Ishaq
Anak Muda Palsu,2019,Ihdar Nur
Follow Me to Hell,2019,Azhar Kinoi Lubis
Iqro: My Universe,2019,Iqbal Alfajri
Two Blue Stripes,2019,Ginatri S. Noer
Wedding Agreement,2019,Archie Hekagery
Koboy Kampus,2019,Pidi Baiq
Ajari Aku Islam,2019,Deni Pusung
This Earth of Mankind,2019,Hanung Bramantyo
The Fugitive,2019,Richard Oh
Twivortiare,2019,Benni Setiawan
Kutuk,2019,Rudi Aryanto
Pintu Merah,2019,Noviandra Santosa
Uka-Uka the Movie: Nini Tulang,2019,Ubay Fox
Dilarang Menyanyi di Kamar Mandi,2019,John de Rantau
Bridezilla,2019,Andibachtiar Yusuf
Suwung,2019,Hamka Winovan
Mahasiswi Baru,2019,Monty Tiwa
Eggnoid: Love & Time Portal,2019,Naya Anindita
99 Names of Love,2019,Danial Rifki
Suami yang Menangis,2019,Farid Ongky
Lorong,2019,Hestu Saputra
Love for Sale 2,2019,Andibachtiar Yusuf
Kiko in the Deep Sea,2019,Sally Wongso
Love is Blind,2019,Rachmania Arunita
Jeritan Malam,2019,Rocky Soraya
Makmum,2019,Hadrah Daeng Ratu
Mengejar Surga,2019,Bambang Drias
Ritual,2019,Findo Purwono
The Science of Fictions,2019,Yosep Anggi Noen
Zeta: When the Dead Awaken,2019,Amanda Iswan
The Queen of Black Magic,2019,Kimo Stamboel
Warkop DKI Reborn 3,2019,Rako Prijanto
Glorious Days,2019,Riri Riza
Sin: When Your Lover is a Sibling,2019,Herwin Novianto
#MoveOnAja,2019,Hestu Saputra
Lampor: The Flying Coffin,2019,Guntur Soeharjanto
Danur 3: Sunyaruri,2019,Awi Suryadi
Pretty Boys,2019,Tompi
Return of the Devil's Child,2019,Rudy Soedjarwo
Bike Boyz,2019,Aris Nugraha
Kapal Goyang Kapten,2019,Raymond Handaya
"6,9 Detik",2019,Lola Amaria
Horas Amang: Tiga Bulan Untuk Selamanya,2019,Irham Acho Bahtiar
Hayya: The Power of Love 2,2019,Jastis Arimba
Martabak Bangka,2019,Eman Pradipta
Habibie & Ainun 3,2019,Hanung Bramantyo
Imperfect,2019,Ernest Prakasa
Inem Pelayan Seksi New,2019,Hasto Broto
I Don't Believe You Died,2019,Wimbadi J.P.
Bangkitnya Mayit: The Dark Soul,2019,Dicky Chandra
Senior,2019,Indra Gunawan
Kelam,2019,Erwin Arnada
Bloodlust Beauty,2019,Anggy Umbara
Trinity Traveler,2019,Rizal Mantovani
Zharfa,2019,Ruli Wanisar
Abracadabra,2019,Faozan Rizal
Love Is A Bird,2019,Richard Oh
Darah Daging,2019,Sarjono Sutrisno
Nightmare Side: Delusional,2019,Joel Fadly
Homecoming,2019,Adriyanto Dewo
Rembulan Tenggelam di Wajahmu,2019,Danial Rifki
Mecca I'm Coming,2019,Jeihan Angga
Wening,2019,Agus Pestol
Bhàko: The Golden Leaf,2019,Alif Septian
The Meeting,2019,Ferry Lesmana
Gundala,2019,Joko Anwar
The Dogs,2019,Dean Yamada
The 3rd Eye 2,2019,Rocky Soraya
Impetigore,2019,Joko Anwar
Say I Love You,2019,Faozan Rizal
Tabu: Mengusik Gerbang Iblis,2019,Angling Sagaran
Perjanjian dengan Iblis,2019,Ardy Octaviand
Newly Rich,2019,Ody C. Harahap
Tembang Lingsir,2019,Rizal Mantovani
DreadOut,2019,Kimo Stamboel
Lagi-Lagi Ateng,2019,Monty Tiwa
Matt & Mou,2019,Monty Tiwa
After Met You,2019,Patrick Effendy
Terimakasih Cinta,2019,Tema Patrosza
PSP: Gaya Mahasiswa,2019,Hilman Mutasi
Preman Pensiun,2019,Aris Nugraha
Laundry Show,2019,Rizki Balki
The Way I Love You,2019,Rudi Aryanto
Too Handsome to Handle,2019,Sabrina Rochelle Kalangie
Satu Suro,2019,Anggy Umbara
An Anthology of Fellings,2019,Rizal Mantovani
Calon Bini,2019,Asep Kusdinar
Kain Kafan Hitam,2019,Yudhistira Bayuadji
Dilan 1991,2019,Pidi Baiq
11:11: Apa yang Kau Lihat?,2019,Andy Manoppo
Reva: Guna Guna,2019,Jose Poernomo
Anak Hoki,2019,Ginanti Rona Tembang Sari
Taufiq: Lelaki yang Menantang Badai,2019,Ismail Basbeth
Lukisan Ratu Kidul,2019,Ginanti Rona Tembang Sari
Yowis Ben 2,2019,Fajar Nugros
Roy Kiyoshi: The Untold Story,2019,Jose Poernomo
MatiAnak,2019,Derby Romero
The Sacred Riana: Beginning,2019,Billy Christian
Leak (Penangkeb),2019,Mimi Jegon
Kuambil Lagi Hatiku,2019,Azhar Kinoi Lubis
Once Upon a Time in Indonesia,2020,Asun Mawardi
Nikah Yuk,2020,Adhe Dharmastriya
The Exocet,2020,Robby Ertanto
Mangga Muda,2020,Girry Pratama
The Ex-Lover Shop,2020,Viva Westi
Crazy Awesome Teachers,2020,Sammaria Simanjuntak
Warkop DKI Reborn 4,2020,Rako Prijanto
The Garuda Kids,2020,Faozan Rizal
One Day We'll Talk About Today,2020,Angga Dwimas Sasongko
May the Devil Take You Too,2020,Timo Tjahjanto
The Storylines,2020,Danial Rifki
Dignitate,2020,Fajar Nugros
Rasuk 2,2020,Rizal Mantovani
Mangkujiwo,2020,Azhar Kinoi Lubis
My Diaries,2020,Angling Sagaran
Demi Waktu,2020,Faozan Rizal
Milea,2020,Pidi Baiq
Titus: Mystery of the Enygma,2020,Dineshkumar Subashchandra
Pesugihan: Bersekutu dengan Iblis,2020,Hanny Saputra
Detak,2020,Yongki Ongestu
Letter from Death,2020,Hestu Saputra
Fetus,2020,Ook Budiyono
Si Doel the Movie 3,2020,Rano Karno
Mariposa,2020,Fajar Bustomi
Klub Kecanduan Mantan,2020,Rachel Amanda
Wedding Partner,2020,Iip Sariful Hanan
#FriendButMarried 2,2020,Rako Prijanto
4 Mantan,2020,Hanny Saputra
Riki Rhino,2020,Erwin Budiono
Tenripada,2020,Syahrir Arsyad Dini
Tarung Sarung,2020,Archie Hekagery
I Know When You Dead,2020,Hadrah Daeng Ratu
Whipped,2020,Chandra Liow
Bus Om Bebek,2020,Aditya Gumay
100% Halal,2020,Jastis Arimba
The Ghost Painter,2020,Arie Kriting
Sabar Ini Ujian,2020,Anggy Umbara
Titisan Setan: Chapter Two,2020,Agusti Tanjung
Generasi 90an: Melankolia,2020,Mohammad Irfan Ramly
Kuyang,2020,Ismail Basbeth
Under the Age,2020,Emil Heradi
Malik and Elsa,2020,Eddy Prasetya
Lantai 4,2020,Wahyu Nugroho
Walking Dead - Tomate,2020,Eka Katili
Arwah Tumbal Nyai the Trilogy: Part Tumbal,2020,Arie Azis
Iblis Dalam Kandungan,2020,Adhe Dharmastriya
Love like the Falling Rain,2020,Lasja Fauzia
The Boy with Moving Image,2020,Roufy Nasution
Benyamin the Troublemaker 2,2020,Hanung Bramantyo
Angel Finds Wings,2020,Aria Kusumadewa
Story of Kale: When Someone's in Love,2020,Angga Dwimas Sasongko
Everyday Is a Lullaby,2020,Putrama Tuta
A Million of Loves for You,2020,Herwin Novianto
Denting Kematian,2020,Rudy Soedjarwo
X-tra Absurd,2020,Rangga Nattra
Nona,2020,Anggi Frisca
Asih 2,2020,Rizal Mantovani
Darah Biru Arema 2,2020,Taufan Agustyan
Mars and Venus (Collabs Version),2020,Hadrah Daeng Ratu
Quarantine Tales,2020,Ifa Isfansyah
Lily of the Valley,2020,Giovanni Rustanto
Louse,2020,Amir Pohan
Preman,2021,Randolph Zaini
Satria Dewa: Gatotkaca,2021,See full summary
Si Juki the Movie 2,2021,
Buya Hamka,2021,Fajar Bustomi
Ranah 3 Warna,2021,
KKN di Desa Penari,2021,Awi Suryadi
Jangan Sendirian,2021,X. Jo
Ali & the Queens,2021,Lucky Kuswandi
Layla Majnun,2021,Monty Tiwa
Ivanna Van Dijk,2021,
Tersanjung: The Movie,2021,Pandu Adjisurya
Nussa: The Movie,2021,Bony Wirasmono
Merindu Cahaya de Amstel,2021,
#StopOnYou,2021,Indra Gunawan
Ghibah,2021,Monty Tiwa
The Heartbreak Club,2021,Bagus Bramanti
Serigala Langit,2021,Reka Wijaya
The Doll 3,2021,The Doll 2
Terima Kasih Emak Terima Kasih Abah,2021,Dedi Setiadi
Backstage,2021,
Yowis Ben 3,2021,Fajar Nugros
Geez & Ann,2021,Rizki Balki
Kukira Kau Rumah,2021,Umay Shahab
Kadet 1947,2021,See full summary
Cinta Tanpa Tapi,2021,Bobby Herlambang
Makmum 2,2021,
Keluarga Slamet,2021,
Akhirat: A Love Story,2021,See full summary
The Heaven None Missed 3,2021,Pritagita Arianegara
Losmen Bu Broto,2021,Eddie Cahyono
Sherina's New Adventure,2021,Sherina's Adventure
"Vengeance Is Mine, All Others Pay Cash",2021,Edwin
Ghost Writer 2,2021,
Paranoia,2021,Riri Riza
Dealova 2,2021,
Adit Sopo Jarwo: The Movie,2021,Hanung Bramantyo
Naga Naga Naga,2021,
Keluarga Cemara 2,2021,Cemara's Family
A Perfect Fit,2021,Hadrah Daeng Ratu
Till Death Do Us Part,2021,Anggy Umbara
June and Kopi,2021,Noviandra Santosa
Penyalin Cahaya,2021,Wregas Bhanuteja
The Unchangeables,2021,Herwin Novianto
Yuni,2021,Kamila Andini
Affliction,2021,Teddy Soeriaatmadja
Devil on Top,2021,Anggy Umbara
World Agent,2021,Herwin Novianto
Zerre: Pendekar Ufuk Timur,2021,R. Jiwo Kusumo
"The Longer, the Better",2021,A. Rachman
"Arumi, Night Is Blue",2021,Je Yatmoko
Tentang Rindu,2021,Dyan Sunu Prastowo
Rain Behind the Window,2021,Dyan Sunu Prastowo
Dea,2021,Alberto Gerosa
Before Night Falls,2021,
You and Me,2021,Ivan Bandhito
Ghostbuser: Misteri Desa Penari,2021,Girry Pratama
Wedding Proposal,2021,Emil Heradi
Dear Imamku,2021,Dian Sasmita Faisal
Hari yang Dijanjikan,2021,Fajar Bustomi
Gas Kuy,2021,Derby Romero
Friendship Is Like a Cocoon,2021,Sentot Sahid
Marley,2021,
Teka Teki Tika,2021,Ernest Prakasa
Story of Dinda: The Second Change of Happiness,2021,Ginanti Rona
Death Knot,2021,Cornelio Sunny
I,2021,Anggy Umbara
Will,2021,Anggy Umbara
Survive,2021,Anggy Umbara
Akad,2021,Reka Wijaya
Amazing Love,2021,Hendra Martono
The Secret 2: Mystery of Villa 666,2021,Bambang Drias
Bisikan Arwah Mantan,2021,Hanny Mustofa
Selesai,2021,Tompi
OVOGames Daftar Agen Slot Online,2021,Ovogames
Aum!,2021,Bambang 'Ipoenk' K.M.
Notebook,2021,Karsono Hadi
Balada Sepasang Kekasih Gila,2021,Anggy Umbara
Marriage,2021,Danial Rifki
Pesan di Balik Awan,2021,Dyan Sunu Prastowo
No Mercy,2021,Muhammad Yusuf
The Watcher,2021,Anggy Umbara
Bluebell,2021,Muhammad Yusuf
Aku Lupa Aku Luka,2021,Dyan Sunu Prastowo
Hompimpa,2021,Arie Azis
Kabut,2021,Indra Gunawan
Aku Lupa Aku Luka,2021,Dyan Sunu Prastowo
A World Without,2021,Nia Di Nata
Onrust,2021,See full summary
Sepeda Presiden,2021,Garin Nugroho
Eyang Putri,2021,Bobby Prasetyo
Pintu Surga Terakhir,2021,See full summary
Love Knots,2021,
Baby Blues,2021,
Cinta Bete,2021,See full summary
Ayudia dan Jalan Pulangnya,2021,Rizqon Agustia Fahsa
The Teacher,2021,Sarjono Sutrisno
Sri Asih,2022,Upi Avianto
Ashiap Man,2022,
"Cinta Pertama, Kedua, & Ketiga",2022,
Dear Nathan Thank You Salma,2022,
Filosofi Kopi 3,2022,
Mencuri Raden Saleh,2022,
Perpetuate the Beast,2022,Natalia Lazarus
Noda Hitam Dalam Pelukan,2022,Dom Dharmo
Perang Kota,2022,Mouly Surya
The Big Four,2022,
Hitmen,2022,
Ksatria,2022,
Anak Bangsa,NA,
Balada Anak Negeri: Dear Amitabh Bachan,NA,Emil Bias
Virgo and the Sparklings,NA,Ody C. Harahap
The Blind of the Ghost Cave: Angel's Eyes,NA,Timo Tjahjanto
The Santri,NA,See full summary
Danur 4: Senjakala,NA,
Perempuan Bergaun Merah,NA,
Djoerig Salawe,NA,See full summary
Molulo 2: Jodohku yang Mana?,NA,See full summary
Surga di Bawah Langit,NA,
Godam & Tira,NA,Chelsea Islan
Deep Web Stalker: Don't Let Them Enter Your House,NA,Nicky Richsandy Pramana
Sebelum Iblis Menjemput Ayat 3: Dajjal,NA,Timo Tjahjanto
Kata,NA,
Jagat Arwah,NA,
Balada Si Roy,NA,
Garis Waktu,NA,
Lara Ati,NA,
Hello Ghost,NA,Indra Gunawan
12 Cerita Glen Anggara,NA,
Lockdown,NA,
Suami-Suami Masa Kini,NA,
Menunggu Bunda,NA,
Until Tomorrow,NA,
24 Jam Bersama Gaspar,NA,
You Have Too Many Kiddings,NA,
Kapan Hamil?,NA,Rizal Mantovani
Arini by Love.inc,NA,
Puisi Cinta yang Membunuh,NA,
Inang,NA,
"Before, Now, & Then",NA,
Pernikahan Dini,NA,
Anak Jalanan,NA,
Ayo Putus,NA,Rizal Mantovani
